1,-0.096599996,0.2357,-0.8603,0,3429573425268194
2,0.0442,0.30089998,-1.1357,0,3429573435279131
3,0.0718,0.2936,-0.9008,0,3429573445258819
4,0.014699999,0.2568,-0.9414,0,3429573455269756
5,0.0196,0.0201,-0.954,0,3429573465280694
6,-0.44009998,0.0047,-0.6515,0,3429573475260381
7,-0.6465,0.29889998,-0.3759,0,3429573485271319
8,-0.617,0.48259997,-0.0736,0,3429573495251006
9,-0.6561,0.4121,0.0643,0,3429573505261944
10,-0.35279998,0.4017,-0.3101,0,3429573515274444
11,-0.16839999,0.1863,-0.8215,0,3429573525254131
12,-0.23799999,0.117599994,-0.76449996,0,3429573535263506
13,-0.5913,0.2375,-0.1472,0,3429573545276006
14,-0.8081,0.2085,0.6845,0,3429573555255694
15,-0.73149997,0.2923,0.9486,0,3429573565266631
16,-0.67399997,0.2438,0.4369,0,3429573575277569
17,-0.58199996,-0.0218,-0.0647,0,3429573585257256
18,-0.4614,-0.18969999,-0.40089998,0,3429573595269756
19,-0.3784,-0.0894,-0.42229998,0,3429573605279131
20,-0.51269996,0.1055,-0.3561,0,3429573615258819
21,-0.5395,0.2746,-0.2976,0,3429573625271319
22,-0.5266,0.3715,-0.22129999,0,3429573635251006
23,-0.34759998,0.2947,-0.3396,0,3429573645261944
24,-0.2856,0.14649999,-0.3612,0,3429573655272881
25,-0.3265,-0.0106999995,0.36319998,0,3429573665252569
26,-0.40179998,0.0568,0.86179996,0,3429573675263506
27,-0.5329,0.2316,0.87119997,0,3429573685274444
28,-0.80429995,0.4561,0.18339999,0,3429573695254131
29,-0.98109996,0.8107,-0.9817,0,3429573705265069
30,-0.9975,0.78999996,-1.2281,0,3429573715276006
31,-0.8563,0.96279997,-0.8534,0,3429573725257256
32,-0.57839996,1.1105,-0.2069,0,3429573735268194
33,-0.52739996,1.0634,0.5304,0,3429573745279131
34,-0.4958,1.1493,1.0605999,0,3429573755258819
35,-0.48479998,1.1008999,0.73069996,0,3429573765269756
36,-0.6788,1.1242,0.0459,0,3429573775280694
37,-0.862,1.1046,-0.3796,0,3429573785260381
38,-0.9253,1.012,-0.575,0,3429573795272881
39,-0.8294,0.9086,0.28059998,0,3429573805252569
40,-0.8797,0.7657,0.83739996,0,3429573815261944
41,-0.5762,0.4711,0.53279996,0,3429573825272881
42,-0.3032,0.5761,-0.70849997,0,3429573835254131
43,0.0285,0.82159996,-1.7285,0,3429573845265069
44,-0.126,1.2895,-1.3817999,0,3429573855276006
45,-0.1973,1.4125,-0.44669998,0,3429573865255694
46,-0.5161,1.3915,0.22819999,0,3429573875266631
47,-0.733,0.9289,0.4177,0,3429573885277569
48,-1.1856999,0.48709998,-0.0526,0,3429573895257256
49,-1.5225999,-0.189,-0.6494,0,3429573905268194
50,-1.5881,0.15519999,-1.4412999,0,3429573915280694
51,-1.7186999,0.8785,-1.3504,0,3429573925258819
52,-1.522,1.1383,0.20019999,0,3429573935271319
53,-1.2241,0.82019997,0.876,0,3429573945251006
54,-1.1194,0.5905,0.45369998,0,3429573955261944
55,-1.1094999,0.55979997,0.6066,0,3429573965272881
56,-1.2713,0.7794,0.8208,0,3429573975252569
57,-0.92569995,0.9353,0.385,0,3429573985265069
58,-0.94509995,1.0038999,0.072799996,0,3429573995276006
59,-0.94,1.0172,-0.083799995,0,3429574005254131
60,-1.2579,1.1067,-0.0297,0,3429574015265069
61,-1.3634,0.9826,-0.4319,0,3429574025277569
62,-1.6478,0.5642,-0.86759996,0,3429574035257256
63,-1.657,0.1352,-0.8903,0,3429574045268194
64,-1.4883,0.2136,-0.6306,0,3429574055279131
65,-1.2064999,0.6356,-0.1239,0,3429574065258819
66,-1.0487,0.9406,0.056399997,0,3429574075269756
67,-1.1697999,0.8749,0.19999999,0,3429574085280694
68,-1.5948,0.5645,0.5665,0,3429574095260381
69,-1.5662999,0.3744,0.6019,0,3429574105272881
70,-1.553,0.5888,0.46019998,0,3429574115251006
71,-1.3723999,0.7266,0.6063,0,3429574125261944
72,-1.5202999,0.88379997,0.41799998,0,3429574135274444
73,-1.6168,1.0210999,0.3184,0,3429574145254131
74,-1.8312999,0.84919995,0.2568,0,3429574155265069
75,-1.6681,0.5223,-0.0804,0,3429574165276006
76,-1.6596999,0.43879998,-0.2899,0,3429574175255694
77,-1.3987,0.56009996,-0.1955,0,3429574185266631
78,-1.5371,1.0339,-0.3173,0,3429574195277569
79,-1.6817,1.3979,-0.67399997,0,3429574205257256
80,-1.9056,1.5625,-0.413,0,3429574215268194
81,-1.7816,1.2049999,-0.1617,0,3429574225280694
82,-1.8148999,0.53279996,0.461,0,3429574235258819
83,-1.7032,0.1424,1.0244,0,3429574245271319
84,-1.7608,0.4006,1.1667,0,3429574255251006
85,-1.5543,1.0337,0.5761,0,3429574265261944
86,-1.6613,1.9229,-0.14019999,0,3429574275272881
87,-1.4109,2.6094,-0.44829997,0,3429574285252569
88,-1.3988999,3.7117999,-1.2001,0,3429574295263506
89,-1.4183999,4.3582997,-1.4814,0,3429574305274444
90,-1.944,4.2827997,0.2464,0,3429574315254131
91,-1.1041,3.4046,0.87,0,3429574325265069
92,-0.97669995,3.6288,0.58809996,0,3429574335277569
93,1.0194,3.3311,-0.4019,0,3429574345257256
94,-0.701,3.2275999,-0.9571,0,3429574355268194
95,-0.39499998,3.8500998,-0.3134,0,3429574365279131
96,-1.8765,6.8749,2.5119998,0,3429574375258819
97,-1.9846,8.6119995,4.1895,0,3429574385269756
98,-1.5993999,10.031799,4.8457,0,3429574395280694
99,-2.1622999,11.220799,4.2738,0,3429574405261944
100,-2.972,12.606899,3.398,0,3429574415271319
101,-3.1978998,14.5306,2.8219,0,3429574425252569
102,-3.0500998,16.1728,2.7175999,0,3429574435261944
103,-2.7610998,16.576,2.0485,0,3429574445274444
104,-3.7533998,16.604399,0.79539996,0,3429574455254131
105,-4.7878,14.6419,-0.662,0,3429574465265069
106,-6.3912,11.540199,-2.0095,0,3429574475276006
107,-5.7388,8.0033,-3.0978,0,3429574485257256
108,-4.0214,2.9596999,-3.8011,0,3429574495268194
109,-3.3414,-0.8473,-2.3734999,0,3429574505277569
110,0.6997,-4.67,-0.48209998,0,3429574515257256
111,6.2833,-11.421,2.5698,0,3429574525269756
112,7.6945,-18.192999,3.309,0,3429574535279131
113,4.5369,-24.3429,2.6139,0,3429574545260381
114,-1.5182999,-30.7135,4.6004,0,3429574555271319
115,-6.4424996,-36.2975,8.893,0,3429574565251006
116,-7.7467,-40.8004,12.838599,0,3429574575261944
117,-5.2075996,-41.072998,14.871799,0,3429574585272881
118,-3.7164,-39.104298,14.205899,0,3429574595252569
119,-2.1703,-36.364,9.1797,0,3429574605263506
120,-0.7769,-36.9775,3.1552,0,3429574615276006
121,1.1488,-36.8665,-2.2608,0,3429574625255694
122,2.9399,-35.382298,-6.22,0,3429574635266631
123,1.3216,-30.367899,-7.1166,0,3429574645277569
124,0.5739,-24.2939,-8.127,0,3429574655257256
125,-0.1138,-18.8195,-9.174,0,3429574665268194
126,0.87079996,-11.966499,-11.1477995,0,3429574675279131
127,3.0814998,-6.7135997,-12.7985,0,3429574685258819
128,4.8115,-4.157,-11.5383,0,3429574695269756
129,4.0309997,1.0479,-6.7532997,0,3429574705280694
130,-0.5074,6.6447997,-0.2803,0,3429574715260381
131,-7.7454,12.0536995,6.6215,0,3429574725272881
132,-12.099299,17.440199,11.8224,0,3429574735252569
133,-13.8118,21.581999,14.6496,0,3429574745263506
134,-14.4291,26.8816,15.6404,0,3429574755274444
135,-16.291899,33.8864,15.753799,0,3429574765254131
136,-18.9628,38.149097,16.1862,0,3429574775265069
137,-19.0936,38.586098,16.1679,0,3429574785276006
138,-17.836199,39.277798,15.979099,0,3429574795255694
139,-16.9471,39.302,16.4876,0,3429574805266631
140,-17.6056,38.8593,17.787699,0,3429574815279131
141,-16.978899,36.7527,17.5334,0,3429574825258819
142,-15.851199,33.2552,13.945499,0,3429574835269756
143,-16.423,30.594398,8.738299,0,3429574845280694
144,-16.4474,27.1323,3.2447,0,3429574855260381
145,-15.992399,23.6355,2.6541,0,3429574865271319
146,-12.1304,22.156199,2.3502,0,3429574875251006
147,-7.9077997,18.849499,2.1522,0,3429574885261944
148,-6.6467,16.932,2.2296,0,3429574895272881
149,-8.300799,14.6058,4.8339,0,3429574905254131
150,-8.2472,9.3186,8.870999,0,3429574915263506
151,-3.5409,0.81189996,9.4922,0,3429574925276006
152,1.0066999,-5.6440997,7.594,0,3429574935254131
153,4.6358,-10.3022995,4.0235,0,3429574945266631
154,5.1724997,-14.0602,-0.32459998,0,3429574955276006
155,4.466,-17.8365,-4.6131997,0,3429574965257256
156,-0.42549998,-21.5212,-6.5099998,0,3429574975268194
157,-8.330999,-27.0295,-3.5681999,0,3429574985279131
158,-9.3399,-29.8813,-0.1906,0,3429574995261944
159,-8.3645,-35.3257,4.8687,0,3429575005271319
160,-5.8268,-39.2687,8.7267,0,3429575015251006
161,-6.486,-36.7194,8.559899,0,3429575025260381
162,-8.4775,-32.8663,6.2931,0,3429575035272881
163,-6.9428997,-31.449299,6.3290997,0,3429575045252569
164,-4.5775,-29.9616,6.374,0,3429575055263506
165,-2.744,-29.132898,3.3973,0,3429575065274444
166,-1.1383,-30.807499,-0.884,0,3429575075254131
167,-1.2663,-31.1903,-4.5754,0,3429575085265069
168,-2.9099,-31.453,-7.0736,0,3429575095276006
169,-4.9508,-29.430698,-6.9838,0,3429575105255694
170,-8.7069,-24.581299,-5.9881,0,3429575115268194
171,-9.5658,-20.6933,-5.6777997,0,3429575125277569
172,-6.9491,-17.2805,-5.4809,0,3429575135257256
173,-3.2791998,-12.3671,-5.8863,0,3429575145269756
174,-1.6441,-8.4007,-5.389,0,3429575155280694
175,-0.8178,-3.8077998,-4.9069,0,3429575165260381
176,-0.5162,1.2152,-3.3342,0,3429575175271319
177,-0.5304,5.8578997,-0.7996,0,3429575185251006
178,-4.3731,13.264,2.3016999,0,3429575195261944
179,-9.5752,21.6451,5.8842998,0,3429575205272881
180,-9.4286995,26.7086,9.4053,0,3429575215252569
181,-3.2584999,30.550299,12.8112,0,3429575225265069
182,2.1316,35.662598,15.438,0,3429575235276006
183,2.8462,39.3792,16.4757,0,3429575245255694
184,-0.4007,42.1548,16.4436,0,3429575255266631
185,-3.2036,42.753,15.1993,0,3429575265277569
186,-4.5792,42.236,13.997999,0,3429575275257256
187,-5.3988,40.837097,14.2309,0,3429575285268194
188,-6.5973997,38.0494,15.5272,0,3429575295279131
189,-7.2042,33.813297,15.396,0,3429575305258819
190,-7.5192,29.733,12.9958,0,3429575315269756
191,-7.0861998,26.576899,7.6061997,0,3429575325251006
192,-8.3970995,22.2927,1.5382999,0,3429575335260381
193,-8.5632,23.522299,3.0798,0,3429575345272881
194,-5.9126997,19.830599,2.9875,0,3429575355252569
195,-3.2265,13.585199,1.0512,0,3429575365263506
196,-2.1975,9.026199,0.031799998,0,3429575375274444
197,-2.336,3.8353999,-0.3845,0,3429575385254131
198,-0.6078,-1.2279,-1.7069999,0,3429575395265069
199,2.1338,-5.4761996,-3.6376,0,3429575405276006
200,0.48709998,-7.5958996,-4.5473,0,3429575415257256
201,0.3802,-10.8342,-4.1977997,0,3429575425268194
202,1.4837999,-15.3633995,0.9752,0,3429575435279131
203,1.7307999,-21.222599,4.0333,0,3429575445258819
204,0.57879996,-30.370699,2.8588,0,3429575455269756
205,-4.7911997,-38.2698,1.7528,0,3429575465280694
206,-14.628599,-42.1648,4.0368,0,3429575475260381
207,-19.4618,-38.4053,7.0564,0,3429575485272881
208,-15.6126995,-33.6274,10.371099,0,3429575495252569
209,-11.2141,-30.427198,13.753099,0,3429575505261944
210,-6.7574997,-27.4012,16.363699,0,3429575515274444
211,-2.0946,-27.827099,13.254399,0,3429575525252569
212,0.80429995,-30.7258,5.2331,0,3429575535265069
213,-0.4613,-31.100199,-3.4185998,0,3429575545274444
214,-3.6934,-30.531898,-10.5083,0,3429575555255694
215,-4.7242,-29.1661,-13.117499,0,3429575565266631
216,-3.2923,-27.6488,-11.5248995,0,3429575575277569
217,-1.7286999,-24.8862,-8.3208,0,3429575585257256
218,-2.2308,-19.4266,-6.9687,0,3429575595268194
219,-2.8430998,-13.4168,-7.7380996,0,3429575605279131
220,0.2944,-8.4847,-8.8348,0,3429575615258819
221,4.3896,-5.1963997,-10.2793,0,3429575625269756
222,3.6232998,-1.4527,-9.553599,0,3429575635251006
223,1.2609,3.9450998,-5.6751,0,3429575645261944
224,-0.2911,10.198999,-1.3902999,0,3429575655272881
225,-4.7261,17.254799,1.9157,0,3429575665252569
226,-11.191,25.2027,6.4179997,0,3429575675263506
227,-14.9164,34.522,9.6786995,0,3429575685274444
228,-12.2947,40.6249,13.330299,0,3429575695254131
229,-7.3506,42.8295,17.452099,0,3429575705265069
230,-5.9087996,47.5501,22.4075,0,3429575715276006
231,-7.5899997,50.5747,26.489698,0,3429575725257256
232,-9.309899,52.172897,28.435299,0,3429575735268194
233,-10.5469,49.7003,27.399399,0,3429575745279131
234,-10.985499,43.6442,24.1687,0,3429575755258819
235,-8.5692,36.643898,17.632599,0,3429575765269756
236,-10.7741995,34.8616,13.3949995,0,3429575775280694
237,-9.403399,32.273,8.1413,0,3429575785260381
238,-9.65,29.7174,5.3297,0,3429575795271319
239,-5.007,33.1974,6.4312,0,3429575805251006
240,-2.0307,29.316198,7.9467998,0,3429575815261944
241,-1.2215999,22.848799,7.3371997,0,3429575825272881
242,0.2805,17.1427,3.1978,0,3429575835254131
243,1.2341,10.254,-0.183,0,3429575845265069
244,-1.3361,5.3001,2.5463998,0,3429575855276006
245,-1.4549999,-3.1222,4.6489,0,3429575865255694
246,1.3716999,-13.722099,1.8291,0,3429575875266631
247,2.9758,-21.035599,-4.3497,0,3429575885277569
248,0.91609997,-28.498999,-10.821,0,3429575895257256
249,-5.7678,-35.2002,-15.566,0,3429575905268194
250,-12.9867,-46.7584,-12.0541,0,3429575915279131
251,-19.9202,-51.9618,0.2411,0,3429575925260381
252,-26.4313,-49.895798,14.418699,0,3429575935269756
253,-23.9916,-43.356,25.1976,0,3429575945251006
254,-13.6904,-36.518497,28.2614,0,3429575955261944
255,-7.4049997,-31.629,26.824299,0,3429575965272881
256,-2.8716998,-30.7393,17.103699,0,3429575975252569
257,4.9241,-35.9194,-0.825,0,3429575985263506
258,6.2488,-36.9719,-6.1815,0,3429575995302569
259,5.7665,-36.540897,-15.5672,0,3429576005255694
260,3.0661,-34.813,-19.4527,0,3429576015265069
261,0.3575,-31.92,-17.2711,0,3429576025277569
262,-2.5674,-28.6705,-11.7577,0,3429576035257256
263,-4.5372,-22.9886,-7.2991996,0,3429576045268194
264,-2.1674,-18.2199,-5.9683,0,3429576055277569
265,3.8214998,-16.0305,-6.7134,0,3429576065258819
266,3.9543998,-11.3331995,-8.5746,0,3429576075269756
267,0.69839996,-4.5871,-8.5748,0,3429576085280694
268,0.012999999,-1.3274,-6.5583,0,3429576095260381
269,1.3755,3.6557,-1.1291,0,3429576105271319
270,2.2561998,8.6409,4.8984,0,3429576115251006
271,-2.3567,15.1981,9.4897995,0,3429576125263506
272,-7.7776,23.7461,12.4001,0,3429576135274444
273,-14.488299,31.4,14.0911,0,3429576145252569
274,-18.569,39.8635,16.6562,0,3429576155263506
275,-15.053499,43.4129,19.5064,0,3429576165276006
276,-13.8377,46.0878,21.9982,0,3429576175255694
277,-16.6252,49.656998,23.053999,0,3429576185266631
278,-16.9431,50.731697,23.1413,0,3429576195277569
279,-14.444699,48.032997,22.3815,0,3429576205257256
280,-11.5301,44.7835,22.9434,0,3429576215269756
281,-8.0195,39.9419,24.081099,0,3429576225279131
282,-6.8029,36.1689,22.8244,0,3429576235260381
283,-4.1042,32.0022,18.1425,0,3429576245269756
284,-3.0444999,30.0975,14.5171995,0,3429576255251006
285,-3.0361,24.263699,7.5084,0,3429576265261944
286,-1.6100999,23.2036,9.577499,0,3429576275272881
287,-1.0060999,23.3981,8.5075,0,3429576285252569
288,-1.8643999,15.471,2.0159,0,3429576295263506
289,-2.6748998,8.3677,-7.1215997,0,3429576305274444
290,-3.3107998,3.8084,-11.1047,0,3429576315254131
291,-2.435,0.1848,-5.8806996,0,3429576325265069
292,2.3885,-4.8364,0.5575,0,3429576335276006
293,3.2721999,-9.637,2.402,0,3429576345257256
294,2.429,-14.6788,0.0191,0,3429576355268194
295,2.0036,-21.4618,-3.247,0,3429576365279131
296,-1.0257,-27.848,-7.1108,0,3429576375258819
297,-3.1485,-39.2712,-10.560699,0,3429576385269756
298,-8.6657,-52.936897,-8.606299,0,3429576395280694
299,-18.4571,-56.3439,-2.4108,0,3429576405260381
300,-29.0782,-49.7024,9.0501995,0,3429576415271319
301,-30.8732,-38.781998,23.699,0,3429576425251006
302,-21.3892,-29.948399,33.1215,0,3429576435261944
303,-7.7707,-26.3244,34.1147,0,3429576445274444
304,4.9474,-30.359798,27.248499,0,3429576455254131
305,10.3266,-37.9487,11.4338,0,3429576465263506
306,8.4828,-41.5658,-3.4008,0,3429576475276006
307,3.3859,-38.0715,-15.2625,0,3429576485255694
308,-2.5115,-31.7036,-20.414,0,3429576495266631
309,-3.7536,-27.7024,-16.1323,0,3429576505277569
310,-1.2433,-26.031,-8.3153,0,3429576515257256
311,-1.512,-20.1049,-4.0076,0,3429576525268194
312,-1.7966,-13.4005995,-4.909,0,3429576535280694
313,1.0884,-9.6181,-9.236899,0,3429576545260381
314,3.3372998,-7.4045,-13.6874,0,3429576555271319
315,2.8402998,-3.7642999,-15.399099,0,3429576565251006
316,1.6201999,0.48799998,-12.4164,0,3429576575261944
317,-1.5755999,6.1246,-7.6120996,0,3429576585272881
318,-6.6591997,14.219199,-1.2432,0,3429576595252569
319,-11.9917,22.8279,3.4241,0,3429576605263506
320,-16.8794,30.7561,7.7014,0,3429576615274444
321,-15.9381,35.9661,11.8721,0,3429576625254131
322,-15.3904,42.2012,16.3919,0,3429576635265069
323,-14.4339,47.2453,20.307299,0,3429576645277569
324,-14.3059,51.9776,24.5515,0,3429576655257256
325,-11.8845,53.241398,27.6521,0,3429576665268194
326,-9.165999,49.195198,29.716099,0,3429576675279131
327,-7.6004996,44.4976,28.9609,0,3429576685258819
328,-3.4980998,37.566998,25.3522,0,3429576695269756
329,-0.5555,30.373,20.3006,0,3429576705280694
330,-1.2961,26.984098,15.265599,0,3429576715260381
331,-2.6341999,24.5732,10.3866,0,3429576725272881
332,-3.4057999,23.5892,8.3347,0,3429576735251006
333,-2.9754999,24.426199,7.9006,0,3429576745261944
334,-0.99869996,20.8382,6.1007,0,3429576755272881
335,0.5441,15.6201,2.1917999,0,3429576765254131
336,0.7371,10.7347,-4.1059,0,3429576775263506
337,0.98209995,6.9456,-8.4499,0,3429576785276006
338,1.8656,4.87,-8.8234,0,3429576795255694
339,1.574,1.0438,-7.6352997,0,3429576805266631
340,1.4866999,-4.6594996,-6.1879,0,3429576815277569
341,2.4392998,-11.8063,-4.6925,0,3429576825257256
342,3.0635,-19.795,-3.9220998,0,3429576835269756
343,1.7159,-29.1675,-4.0462,0,3429576845280694
344,-7.8978996,-44.081898,-5.1965,0,3429576855260381
345,-20.2869,-56.7141,-7.7792997,0,3429576865271319
346,-23.208199,-59.5109,-4.7641997,0,3429576875251006
347,-21.1673,-52.215,4.0299,0,3429576885260381
348,-20.5707,-42.5532,18.268799,0,3429576895272881
349,-20.7167,-31.9147,31.939299,0,3429576905252569
350,-18.028599,-21.7578,37.3997,0,3429576915263506
351,-6.6137,-23.5472,29.873,0,3429576925274444
352,5.3371997,-33.650898,13.944699,0,3429576935254131
353,8.61,-41.4394,-0.6626,0,3429576945265069
354,4.7318997,-42.3248,-14.3895,0,3429576955277569
355,-1.0437,-35.6097,-21.831099,0,3429576965257256
356,-2.4027,-30.2127,-20.4795,0,3429576975268194
357,-4.0943,-25.6066,-8.7603,0,3429576985279131
358,-4.177,-23.219599,-6.0481,0,3429576995260381
359,-1.9204999,-17.9917,-3.0266,0,3429577005269756
360,2.0303,-14.1382,-4.4245,0,3429577015280694
361,2.7552,-10.8393,-7.3999996,0,3429577025260381
362,3.4763,-7.8844,-8.7202,0,3429577035272881
363,2.1666,-2.4740999,-6.6979,0,3429577045252569
364,-1.0142,2.9689999,-1.6222999,0,3429577055261944
365,-6.9238,8.423699,4.5998,0,3429577065272881
366,-13.030399,15.03,9.342999,0,3429577075254131
367,-18.936699,24.958899,12.2787,0,3429577085265069
368,-20.8015,38.7556,11.824599,0,3429577095276006
369,-15.7411995,45.6352,12.0233,0,3429577105255694
370,-11.3323,48.0247,14.3315,0,3429577115266631
371,-12.015599,51.232,17.8083,0,3429577125277569
372,-12.4011,54.4498,21.151,0,3429577135257256
373,-11.199599,54.7772,23.1651,0,3429577145269756
374,-9.8705,52.3761,26.1265,0,3429577155280694
375,-6.2809,45.4697,28.6521,0,3429577165258819
376,-4.348,38.682697,28.4168,0,3429577175271319
377,-3.8667998,32.2243,22.0085,0,3429577185251006
378,-6.8735,29.884699,12.8581,0,3429577195261944
379,-6.6341,27.9145,7.6415,0,3429577205272881
380,-3.3485,26.8181,4.9716997,0,3429577215252569
381,-2.0995998,23.573,2.7331998,0,3429577225263506
382,-2.0672998,17.1955,-1.5636,0,3429577235276006
383,-1.1078,11.301,-7.6826,0,3429577245254131
384,-3.544,9.4129,-7.4347,0,3429577255266631
385,-0.0442,3.2954,-4.2344,0,3429577265277569
386,5.4112,-5.5702,-2.8279998,0,3429577275257256
387,5.6551,-11.2739,-4.4419,0,3429577285268194
388,3.5588999,-17.973,-6.6169,0,3429577295279131
389,0.63839996,-25.2111,-7.0861998,0,3429577305258819
390,1.1092,-39.241898,-7.1861,0,3429577315269756
391,-6.7012,-54.8908,-3.0554,0,3429577325280694
392,-19.9384,-65.1155,4.9839,0,3429577335260381
393,-32.6284,-62.628,13.556299,0,3429577345271319
394,-37.1291,-47.970898,23.5331,0,3429577355251006
395,-31.5376,-36.2775,35.195698,0,3429577365261944
396,-20.8715,-30.0823,43.281597,0,3429577375274444
397,-0.7775,-35.6991,36.257298,0,3429577385254131
398,19.3978,-48.3867,17.601599,0,3429577395265069
399,27.1995,-56.8084,-0.6206,0,3429577405276006
400,21.351599,-52.3108,-16.404,0,3429577415255694
401,7.1512,-41.2751,-22.1122,0,3429577425268194
402,-2.5240998,-34.7874,-18.026,0,3429577435279131
403,-1.5579,-32.9523,-9.546,0,3429577445257256
404,-0.16679999,-29.2669,-5.9435997,0,3429577455268194
405,0.9287,-22.8834,-8.4463,0,3429577465279131
406,2.0708,-18.2585,-12.2431,0,3429577475260381
407,0.38819999,-12.653399,-14.498899,0,3429577485271319
408,1.7342,-7.7723,-13.1508,0,3429577495251006
409,4.4642,-2.9987,-6.593,0,3429577505261944
410,1.6601,3.5368,1.1156,0,3429577515272881
411,-9.345099,12.811399,6.9044,0,3429577525252569
412,-27.5497,27.4075,12.8967,0,3429577535263506
413,-35.9123,47.4012,17.928799,0,3429577545276006
414,-30.4063,54.1667,24.003199,0,3429577555254131
415,-23.871,59.1572,28.6598,0,3429577565266631
416,-22.994299,65.4687,29.8926,0,3429577575277569
417,-23.439299,66.3714,26.580399,0,3429577585257256
418,-24.0957,61.8285,23.0103,0,3429577595268194
419,-23.9571,55.333797,22.4646,0,3429577605279131
420,-21.913599,47.0296,22.528,0,3429577615258819
421,-16.9718,37.3652,20.5987,0,3429577625269756
422,-13.5678,31.630798,16.4067,0,3429577635280694
423,-11.3947,28.831299,12.357699,0,3429577645261944
424,-9.933,26.3223,9.1157,0,3429577655271319
425,-8.1503,23.5274,6.8114996,0,3429577665252569
426,-6.8392,19.1468,5.2114997,0,3429577675263506
427,-5.1394997,13.581599,1.357,0,3429577685274444
428,-4.2846,8.0655,-5.1151,0,3429577695254131
429,-1.6223999,2.0339,-10.5557995,0,3429577705265069
430,2.5465999,-3.2647,-11.1726,0,3429577715276006
431,7.1947,-8.415,-8.6018,0,3429577725255694
432,10.5006,-13.2409,-5.9526997,0,3429577735268194
433,8.105,-17.5285,-4.4017997,0,3429577745277569
434,1.5919,-23.5654,-3.6366,0,3429577755257256
435,0.4985,-32.1755,-3.0995998,0,3429577765269756
436,1.0487,-42.3705,0.29749998,0,3429577775280694
437,-0.42859998,-52.873898,6.3511996,0,3429577785260381
438,-5.1180997,-59.686497,10.1426,0,3429577795271319
439,-16.5849,-52.7646,10.0506,0,3429577805251006
440,-30.172499,-37.4836,10.3751,0,3429577815261944
441,-34.307697,-24.123499,14.6781,0,3429577825272881
442,-26.505299,-17.7405,20.7209,0,3429577835254131
443,-12.6005,-20.1737,24.6047,0,3429577845263506
444,1.6187999,-27.771399,20.9298,0,3429577855276006
445,7.5611997,-34.383698,10.2105,0,3429577865255694
446,5.6193,-38.5025,-1.2004,0,3429577875266631
447,2.3483,-37.011997,-10.9081,0,3429577885277569
448,0.4147,-31.9604,-15.4859,0,3429577895257256
449,-1.3966999,-27.656898,-14.3757,0,3429577905268194
450,-7.2819996,-23.6918,-10.081699,0,3429577915279131
451,-8.3794,-17.8259,-6.6046,0,3429577925258819
452,-2.7337,-14.746099,-4.1552,0,3429577935269756
453,3.2278,-11.997399,-3.1525998,0,3429577945251006
454,5.2532997,-8.0589,-4.7102,0,3429577955261944
455,1.9770999,-4.6965,-8.6398,0,3429577965272881
456,1.0820999,-0.5704,-10.0188,0,3429577975252569
457,-2.0628,7.506,-7.8931,0,3429577985263506
458,-4.7426,11.3235,-6.0330997,0,3429577995276006
459,-9.342299,18.278599,-2.7214,0,3429578005254131
460,-12.4387,26.100399,-0.091699995,0,3429578015265069
461,-14.2161,34.2828,1.1233,0,3429578025276006
462,-12.922299,43.0634,6.1934,0,3429578035255694
463,-10.9074,46.8383,14.773299,0,3429578045266631
464,-11.8252,49.557,23.4725,0,3429578055279131
465,-12.656899,53.7599,29.5863,0,3429578065258819
466,-11.4775,51.9944,31.9749,0,3429578075269756
467,-12.2641,45.9874,29.160799,0,3429578085280694
468,-11.4906,38.319,23.689499,0,3429578095260381
469,-6.2346997,29.2409,15.464999,0,3429578105271319
470,-8.5234995,25.5255,9.873199,0,3429578115251006
471,-8.2001,24.532,6.8518996,0,3429578125261944
472,-4.7114,25.1439,4.3578,0,3429578135272881
473,-2.3446,22.8375,1.7407,0,3429578145252569
474,-0.9517,18.9867,-1.8822999,0,3429578155263506
475,0.2941,17.0525,-1.6265,0,3429578165274444
476,-1.4614999,13.117,-4.2879,0,3429578175254131
477,0.4811,7.2928,-5.9749,0,3429578185266631
478,3.6576998,4.582,-5.6369,0,3429578195277569
479,6.4955997,-0.74899995,-5.5533,0,3429578205257256
480,6.4702,-8.3271,-7.1931996,0,3429578215268194
481,5.0397997,-15.165199,-7.5439,0,3429578225279131
482,2.9650998,-22.0254,-6.6358,0,3429578235258819
483,1.7215999,-32.9363,-6.3296,0,3429578245271319
484,-0.67399997,-48.2495,-6.3431,0,3429578255249444
485,-6.9325,-64.480095,-6.2808,0,3429578265261944
486,-20.779299,-68.7447,-1.531,0,3429578275272881
487,-37.1134,-51.002,9.6472,0,3429578285252569
488,-42.5083,-35.0709,22.8941,0,3429578295263506
489,-36.5299,-23.3858,36.4124,0,3429578305274444
490,-23.0437,-19.7149,40.9167,0,3429578315254131
491,-1.3855,-33.1046,32.115498,0,3429578325265069
492,15.0550995,-47.883198,14.3512,0,3429578335276006
493,21.6413,-53.603798,-3.2740998,0,3429578345255694
494,17.4285,-47.8191,-19.1607,0,3429578355268194
495,7.7339997,-37.1847,-26.6952,0,3429578365279131
496,1.1187999,-31.313599,-22.5401,0,3429578375257256
497,3.8500998,-29.789299,-12.9902,0,3429578385269756
498,4.718,-26.3683,-7.1724997,0,3429578395280694
499,4.7875,-17.592499,-5.8341,0,3429578405260381
500,6.7351,-12.671599,-7.1671,0,3429578415271319
501,7.8775997,-9.4618,-10.0173,0,3429578425251006
502,5.1977,-3.964,-12.4365,0,3429578435261944
503,2.1390998,2.5114,-10.1642,0,3429578445272881
504,-1.6834999,9.1763,-3.7673,0,3429578455254131
505,-8.4177,16.2602,3.6146998,0,3429578465263506
506,-18.1583,23.8027,9.2424,0,3429578475276006
507,-23.927599,32.8057,12.2469,0,3429578485255694
508,-24.859,42.098198,13.6428995,0,3429578495265069
509,-21.5154,47.9702,16.856499,0,3429578505277569
510,-19.5485,50.079098,21.4487,0,3429578515257256
511,-21.558699,52.4431,24.2044,0,3429578525269756
512,-20.951199,52.5482,22.768,0,3429578535279131
513,-18.723099,48.604,20.680899,0,3429578545258819
514,-17.192299,43.6058,19.6218,0,3429578555271319
515,-14.519799,36.882298,18.9039,0,3429578565251006
516,-11.7646,31.3314,15.778999,0,3429578575260381
517,-9.0102,27.3634,6.8336,0,3429578585272881
518,-10.4081,23.1929,6.7653,0,3429578595252569
519,-5.851,25.979198,8.0681,0,3429578605263506
520,-4.0097,23.0427,9.0872,0,3429578615274444
521,-4.4140997,17.1227,5.6905,0,3429578625255694
522,-4.3075,11.5595,-1.8091999,0,3429578635265069
523,-1.3852,5.0081,-6.7611,0,3429578645276006
524,4.4042997,0.3279,-9.4088,0,3429578655255694
525,7.9765997,-4.0418997,-9.9332,0,3429578665268194
526,9.8853,-8.3571,-10.562099,0,3429578675279131
527,9.6166,-12.6325,-10.5799,0,3429578685258819
528,6.1835,-16.8655,-9.0098,0,3429578695269756
529,1.7881999,-20.0977,-2.5233998,0,3429578705280694
530,-0.2316,-26.4383,6.323,0,3429578715260381
531,-1.1789,-38.3495,9.0423,0,3429578725271319
532,-4.1738,-51.965397,5.9962,0,3429578735252569
533,-12.003799,-60.527798,5.3150997,0,3429578745261944
534,-21.5553,-53.8093,8.1398,0,3429578755272881
535,-29.538,-36.0193,11.9508,0,3429578765254131
536,-32.762,-21.0043,19.809599,0,3429578775263506
537,-25.2172,-15.7668,28.1542,0,3429578785276006
538,-8.8496,-25.392199,27.7827,0,3429578795255694
539,5.3801,-37.578197,14.896,0,3429578805266631
540,12.12,-46.6046,0.991,0,3429578815277569
541,11.496699,-50.106,-12.3136,0,3429578825257256
542,4.585,-45.2327,-22.6491,0,3429578835268194
543,-2.2310998,-38.6126,-23.258099,0,3429578845279131
544,-5.3975997,-36.2939,-15.703799,0,3429578855258819
545,-7.0716,-30.326698,-7.0509996,0,3429578865269756
546,-5.403,-22.4977,-2.7326,0,3429578875251006
547,-0.1565,-18.118,-3.2201998,0,3429578885260381
548,4.4600997,-13.118099,-5.8598,0,3429578895272881
549,2.0575,-4.5056,-7.9811997,0,3429578905252569
550,4.6103,3.7615,-7.8124,0,3429578915263506
551,5.3159,11.2877,-6.7054,0,3429578925274444
552,0.7132,19.542799,-3.4587,0,3429578935254131
553,-10.8286,30.4413,3.7312,0,3429578945265069
554,-23.8913,44.8858,11.4112,0,3429578955276006
555,-26.6337,46.739998,18.6225,0,3429578965257256
556,-21.0357,42.2011,23.4056,0,3429578975268194
557,-14.941799,40.031,20.4147,0,3429578985279131
558,-13.9691,38.757797,18.6161,0,3429578995293194
559,-11.955,33.582397,15.816999,0,3429579005269756
560,-9.8572,27.756699,14.3988,0,3429579015280694
561,-7.6755996,20.2208,12.5518,0,3429579025260381
562,-5.5912,13.0603,9.4077,0,3429579035272881
563,-4.1029,7.3336997,5.2745,0,3429579045252569
564,-3.9733999,2.5925,0.9774,0,3429579055261944
565,-3.2463999,-0.4075,-1.6488999,0,3429579065274444
566,-2.0586,-2.4933,-2.4795,0,3429579075252569
567,-1.5439,-3.3205,-1.9056,0,3429579085265069
568,-1.0754,-4.0811,-1.1115999,0,3429579095276006
569,-0.3381,-5.6605,-1.3684,0,3429579105255694
570,-0.1987,-6.7925,-2.7303,0,3429579115266631
571,-1.0679,-6.2583,-4.0232997,0,3429579125277569
572,-2.0877,-5.2131,-3.9555,0,3429579135257256
573,-2.8274999,-3.9013,-2.6081,0,3429579145268194
574,-3.5769,-2.9833,-1.1502,0,3429579155279131
575,-3.5128,-2.4896,-0.0150999995,0,3429579165260381
576,-2.9013,-2.6415,0.52099997,0,3429579175271319
577,-2.3813,-2.5795,0.094,0,3429579185251006
578,-2.3588998,-2.4299,-0.5342,0,3429579195261944
579,-2.6009,-1.9499999,-0.6644,0,3429579205272881
580,-2.8889,-1.2954,-0.27339998,0,3429579215252569
581,-3.7654998,-0.3847,0.196,0,3429579225263506
582,-4.8652,0.2747,0.3358,0,3429579235274444
583,-5.1078,0.47329998,-0.0023,0,3429579245254131
584,-4.7135,0.3256,-0.43989998,0,3429579255265069
585,-3.5126998,0.2289,-0.484,0,3429579265277569
586,-2.3197,0.25869998,-0.063599996,0,3429579275255694
587,-1.3233,0.2865,0.4614,0,3429579285268194
588,-0.3048,0.2883,0.84029996,0,3429579295277569
589,0.44189999,0.28,1.2225,0,3429579305258819
590,0.71639997,0.1846,1.2341,0,3429579315269756
591,0.3283,0.111899994,1.0820999,0,3429579325280694
592,-0.3638,-0.2776,0.5284,0,3429579335260381
593,-0.9878,-0.64309996,-0.211,0,3429579345271319
594,-1.9109,-0.5123,-0.94519997,0,3429579355251006
595,-1.9066999,-0.38349998,-1.2129999,0,3429579365261944
596,-1.3158,-0.5383,-0.6638,0,3429579375272881
597,-0.9174,-0.6252,0.113699995,0,3429579385252569
598,-1.3263999,-0.3211,0.98889995,0,3429579395265069
599,-1.7730999,-0.023599999,1.6786,0,3429579405276006
600,-1.7918999,-0.0184,1.8338,0,3429579415255694
601,-1.5496999,-0.1139,1.7128999,0,3429579425266631
602,-1.1561999,-0.2225,1.3391,0,3429579435277569
603,-0.85999995,-0.7136,0.7112,0,3429579445257256
604,-1.1937,-0.6357,0.19749999,0,3429579455269756
605,-1.0659,-0.22899999,-0.39729998,0,3429579465279131
606,-0.91599995,-0.0729,-0.542,0,3429579475258819
607,-0.9217,0.0186,-0.5956,0,3429579485271319
608,-1.2142999,0.23009999,-0.6714,0,3429579495251006
609,-1.7637,0.3396,-0.6701,0,3429579505261944
610,-2.1959,0.788,-0.43019998,0,3429579515272881
611,-1.5737,0.7303,-0.5532,0,3429579525252569
612,-0.9888,0.2498,-0.5683,0,3429579535263506
613,-0.5298,-0.099999994,-0.18859999,0,3429579545274444
614,-0.45889997,-0.0156,0.2144,0,3429579555254131
615,-1.0296999,0.251,0.49109998,0,3429579565265069
616,-1.6021999,0.42549998,0.4118,0,3429579575277569
617,-1.4547,0.35979998,-0.0786,0,3429579585257256
618,-0.85639995,0.3175,-0.4227,0,3429579595268194
619,-0.47669998,0.60429996,-0.5538,0,3429579605279131
620,-0.7339,0.954,-0.447,0,3429579615258819
621,-1.0807999,1.0800999,-0.13069999,0,3429579625269756
622,-1.1118,1.0345,-0.16149999,0,3429579635280694
623,-1.4958,0.93789995,-0.4041,0,3429579645260381
624,-2.4656,0.819,-0.3425,0,3429579655272881
625,-2.7003,0.5281,-0.3321,0,3429579665252569
626,-2.2697,0.487,-0.1618,0,3429579675261944
627,-1.4764999,0.40899998,0.2644,0,3429579685274444
628,-1.1715,0.48479998,0.89269996,0,3429579695254131
629,-1.0665,0.40649998,1.3866999,0,3429579705265069
630,-1.5178,0.6292,1.6897,0,3429579715276006
631,-1.7157999,0.9677,1.6905999,0,3429579725255694
632,-1.5195999,1.1034,1.6410999,0,3429579735266631
633,-1.2164999,0.7431,1.459,0,3429579745277569
634,-1.5165,0.42499998,1.1173999,0,3429579755257256
635,-1.8167,0.095699996,0.5126,0,3429579765268194
636,-1.8872999,-0.0986,-0.24859999,0,3429579775280694
637,-1.3123,-0.1248,-0.663,0,3429579785258819
638,-0.9885,-0.14469999,-0.60929996,0,3429579795271319
639,-1.1247,0.0049,-0.37629998,0,3429579805251006
640,-1.5798999,0.2172,-0.1963,0,3429579815261944
641,-2.0349998,0.1616,-0.24149999,0,3429579825272881
642,-2.4787998,-0.0727,-0.48189998,0,3429579835252569
643,-2.3394,-0.2634,-0.6062,0,3429579845263506
644,-1.7184999,-0.2137,-0.8369,0,3429579855274444
645,-1.3416,-0.1266,-0.9576,0,3429579865254131
646,-1.8046999,-0.12109999,-1.0616,0,3429579875265069
647,-2.1229,-0.2298,-1.2354,0,3429579885277569
648,-2.5070999,-0.46159998,-1.5057,0,3429579895257256
649,-3.1941,-0.3728,-1.5561999,0,3429579905268194
650,-3.0983999,-0.21149999,-1.7773,0,3429579915279131
651,-2.3330998,-0.1068,-1.8238,0,3429579925258819
652,-1.9945999,-0.0188,-1.5268999,0,3429579935269756
653,-2.7296,0.251,-1.3907,0,3429579945280694
654,-4.2448997,0.5977,-1.3412,0,3429579955260381
655,-4.3726,0.66929996,-1.2468,0,3429579965272881
656,-4.1091,0.9399,-1.0777999,0,3429579975251006
657,-5.1938,1.479,-1.0485,0,3429579985263506
658,-6.0768,1.7429999,-1.1731,0,3429579995276006
659,-8.8578,2.3713,-0.85109997,0,3429580005254131
660,-14.000199,3.6339998,-0.5042,0,3429580015265069
661,-19.7871,4.1224,-0.25959998,0,3429580025276006
662,-24.972898,2.7846,-0.6174,0,3429580035255694
663,-30.128399,2.9129,-0.6533,0,3429580045268194
664,-34.0295,2.9006,0.83309996,0,3429580055277569
665,-34.783897,2.4589,2.9564,0,3429580065258819
666,-33.2929,1.2829,5.4869,0,3429580075269756
667,-31.110699,-0.0515,7.3634,0,3429580085280694
668,-28.6489,-2.5259,8.8965,0,3429580095260381
669,-24.038198,-6.8076,10.0954,0,3429580105271319
670,-16.370699,-11.6296,10.8286,0,3429580115251006
671,-5.2325,-15.0011,11.344,0,3429580125261944
672,7.0246,-17.5099,11.886,0,3429580135272881
673,18.6929,-19.9221,13.1696,0,3429580145252569
674,28.3732,-20.9844,13.532599,0,3429580155263506
675,38.131397,-19.3744,13.946899,0,3429580165276006
676,48.0984,-18.4669,14.9822,0,3429580175255694
677,55.183697,-19.0227,16.5592,0,3429580185266631
678,63.632298,-20.4527,18.8316,0,3429580195277569
679,66.3463,-19.4882,20.191,0,3429580205257256
680,61.7012,-17.5543,21.300999,0,3429580215268194
681,53.4011,-14.712299,19.8295,0,3429580225279131
682,48.4228,-14.7041,16.534,0,3429580235258819
683,45.843597,-15.823899,13.3234,0,3429580245269756
684,45.8354,-17.165499,11.0873995,0,3429580255280694
685,46.359898,-18.5586,10.7676,0,3429580265260381
686,46.5854,-20.690899,12.384299,0,3429580275272881
687,42.6758,-22.4529,15.984099,0,3429580285251006
688,35.371597,-23.211899,20.615599,0,3429580295263506
689,28.6651,-24.5905,23.395899,0,3429580305274444
690,16.1026,-26.4231,24.1426,0,3429580315254131
691,3.6578,-27.5885,20.941599,0,3429580325265069
692,-12.137099,-31.519299,15.7634,0,3429580335276006
693,-37.4643,-36.389,11.3011,0,3429580345255694
694,-65.009895,-42.1672,10.2541,0,3429580355266631
695,-81.9626,-44.1302,18.0042,0,3429580365277569
696,-82.9564,-36.6111,32.61,0,3429580375257256
697,-82.724396,-30.3527,37.7523,0,3429580385269756
698,-82.878296,-21.048199,34.5666,0,3429580395280694
699,-82.5974,-19.3892,27.138699,0,3429580405258819
700,-82.5319,-23.4209,18.035599,0,3429580415271319
701,-74.1034,-23.674799,7.3745,0,3429580425251006
702,-54.1051,-27.3529,0.6684,0,3429580435261944
703,-38.3549,-29.0705,-0.015199999,0,3429580445272881
704,-33.4533,-27.088099,6.9293,0,3429580455252569
705,-30.3163,-29.1826,16.3718,0,3429580465263506
706,-22.7802,-34.5076,21.9932,0,3429580475274444
707,-13.045899,-38.4207,23.8102,0,3429580485255694
708,-0.98149997,-40.5094,26.509699,0,3429580495266631
709,14.8926,-39.492397,31.880299,0,3429580505277569
710,30.566,-36.5739,38.9932,0,3429580515257256
711,44.4484,-29.3585,44.8885,0,3429580525268194
712,57.5836,-24.704199,47.116497,0,3429580535279131
713,67.29,-22.6196,43.7434,0,3429580545258819
714,74.9491,-21.535,37.729,0,3429580555269756
715,78.447,-21.3191,28.5404,0,3429580565280694
716,79.536995,-21.2725,18.7988,0,3429580575260381
717,77.9341,-19.2475,12.0264,0,3429580585271319
718,74.4593,-18.98,7.8587,0,3429580595251006
719,69.075294,-17.1316,4.9962,0,3429580605263506
720,63.4464,-18.252499,4.0815,0,3429580615274444
721,54.205097,-20.439499,4.6857,0,3429580625254131
722,44.0518,-22.5208,5.9119,0,3429580635265069
723,33.5391,-23.661798,6.5491,0,3429580645276006
724,25.2832,-26.600899,5.706,0,3429580655255694
725,17.379799,-29.241,5.7476997,0,3429580665266631
726,6.8743,-29.769999,8.1244,0,3429580675279131
727,-4.6647,-28.357698,13.5533,0,3429580685257256
728,-15.433499,-25.769499,19.121399,0,3429580695269756
729,-26.344,-22.4272,22.0329,0,3429580705280694
730,-39.9988,-18.6544,22.3589,0,3429580715258819
731,-55.1737,-16.3133,22.517899,0,3429580725271319
732,-67.6719,-15.5322,20.920599,0,3429580735251006
733,-76.6458,-12.2008,18.9352,0,3429580745261944
734,-83.0563,-7.6271,18.545599,0,3429580755272881
735,-83.344894,-3.2472,18.913,0,3429580765252569
736,-83.4889,0.1443,20.367899,0,3429580775265069
737,-78.6776,0.3936,19.0446,0,3429580785274444
738,-68.0056,-1.6824,13.9368,0,3429580795254131
739,-58.227398,-3.777,7.1074,0,3429580805265069
740,-50.500298,-7.5964,4.3272,0,3429580815277569
741,-43.7794,-10.5796995,6.8714,0,3429580825257256
742,-40.098198,-12.7218,11.877299,0,3429580835268194
743,-34.0531,-15.1465,16.4361,0,3429580845279131
744,-27.733,-19.557999,19.4683,0,3429580855258819
745,-19.6561,-24.8396,21.623999,0,3429580865269756
746,-7.4262,-28.5873,23.1862,0,3429580875249444
747,8.1459,-31.2204,24.9586,0,3429580885261944
748,24.5782,-31.869,26.738499,0,3429580895272881
749,41.7632,-30.2505,28.015099,0,3429580905252569
750,58.538998,-30.5243,30.1034,0,3429580915261944
751,67.522995,-30.702,28.1953,0,3429580925274444
752,72.6772,-27.105099,21.318499,0,3429580935254131
753,79.5523,-23.621899,16.5884,0,3429580945265069
754,80.879295,-23.146,14.2915,0,3429580955276006
755,75.1851,-20.7407,11.9344,0,3429580965255694
756,68.7574,-19.9159,9.0245,0,3429580975266631
757,55.626698,-20.7036,2.6346,0,3429580985279131
758,50.814198,-21.244,0.5573,0,3429580995258819
759,41.973,-22.4327,-1.9135,0,3429581005269756
760,33.112698,-23.1719,-2.2696,0,3429581015280694
761,27.258099,-23.7799,-0.078,0,3429581025260381
762,20.8961,-23.6936,5.3761997,0,3429581035271319
763,13.5478,-22.866999,10.7374,0,3429581045251006
764,6.0369997,-22.7677,14.6404,0,3429581055261944
765,-3.4154,-21.544899,16.621399,0,3429581065272881
766,-14.6131,-19.632599,17.6827,0,3429581075254131
767,-25.9676,-16.9783,18.8237,0,3429581085263506
768,-38.6235,-14.9295,20.6733,0,3429581095276006
769,-51.8969,-14.4219,22.533298,0,3429581105254131
770,-66.2563,-10.4875,26.584099,0,3429581115266631
771,-76.659195,-5.2381,29.639898,0,3429581125277569
772,-82.414696,-3.1236,29.007,0,3429581135257256
773,-83.4498,0.9694,25.4572,0,3429581145268194
774,-81.8872,2.3897,21.261599,0,3429581155279131
775,-71.185295,-0.4012,15.815599,0,3429581165258819
776,-58.581497,-2.8442,8.341499,0,3429581175269756
777,-48.808,-5.422,3.3016999,0,3429581185251006
778,-39.991898,-8.7901,4.9084997,0,3429581195260381
779,-34.3845,-11.285,9.5603,0,3429581205272881
780,-30.980099,-14.250099,13.438399,0,3429581215252569
781,-25.170898,-16.585,17.0142,0,3429581225263506
782,-19.0022,-18.6638,20.5791,0,3429581235274444
783,-7.5046,-21.9384,22.7297,0,3429581245254131
784,7.0818,-25.490599,22.637299,0,3429581255265069
785,22.6308,-27.407299,22.013199,0,3429581265276006
786,39.625698,-26.9788,21.8382,0,3429581275257256
787,51.978798,-25.1465,20.3123,0,3429581285266631
788,62.945797,-22.5029,16.9516,0,3429581295279131
789,71.879196,-20.8883,12.5522995,0,3429581305258819
790,79.031296,-19.5086,7.0396,0,3429581315269756
791,80.1976,-16.8711,3.0906,0,3429581325280694
792,80.286995,-14.9555,2.5736,0,3429581335260381
793,73.6313,-15.190599,2.5226998,0,3429581345271319
794,62.3657,-16.4656,1.3650999,0,3429581355251006
795,49.7856,-17.6677,-0.49809998,0,3429581365261944
796,38.6963,-19.074099,-2.0771,0,3429581375272881
797,29.673399,-19.565199,-1.2846,0,3429581385252569
798,23.556099,-20.3036,2.0321,0,3429581395263506
799,16.5101,-19.990799,6.1292,0,3429581405276006
800,8.7463,-19.053999,9.7246,0,3429581415255694
801,0.8541,-18.429499,12.899699,0,3429581425266631
802,-7.9874997,-16.5985,15.584,0,3429581435277569
803,-17.0909,-14.099899,17.1792,0,3429581445257256
804,-26.6402,-15.3509,16.493399,0,3429581455268194
805,-36.4699,-15.632299,16.764,0,3429581465280694
806,-48.9155,-11.415199,20.8169,0,3429581475260381
807,-59.7598,-8.0675,26.2248,0,3429581485271319
808,-68.1691,-7.0889997,28.191399,0,3429581495251006
809,-75.4135,-3.8309999,25.7678,0,3429581505261944
810,-79.808,-2.1976,21.8216,0,3429581515272881
811,-74.402,-2.0562,18.5996,0,3429581525252569
812,-63.85,-3.4438999,14.972799,0,3429581535263506
813,-55.202297,-4.705,10.224199,0,3429581545274444
814,-48.898098,-6.7321997,7.6693997,0,3429581555254131
815,-42.740498,-8.5859995,8.694799,0,3429581565265069
816,-36.529697,-11.328099,13.1446,0,3429581575277569
817,-30.0353,-13.7294,17.1467,0,3429581585257256
818,-25.252499,-15.4625,18.9417,0,3429581595268194
819,-17.5717,-18.598999,19.8807,0,3429581605279131
820,-4.0639,-23.1173,19.3364,0,3429581615258819
821,9.4043,-25.5285,18.5177,0,3429581625269756
822,22.2854,-26.1962,18.4059,0,3429581635280694
823,34.1762,-25.3594,18.2522,0,3429581645260381
824,47.710697,-24.3692,17.119,0,3429581655271319
825,59.1209,-21.871399,15.358,0,3429581665251006
826,71.3428,-18.601599,14.181,0,3429581675261944
827,79.480995,-16.0681,12.3896,0,3429581685274444
828,80.4534,-14.7724,7.934,0,3429581695254131
829,80.1645,-14.132199,3.5073,0,3429581705265069
830,76.0842,-14.532,0.87469995,0,3429581715276006
831,64.6481,-15.4986,0.65419996,0,3429581725255694
832,51.990097,-17.0563,1.1065,0,3429581735266631
833,40.563,-19.3722,0.9704,0,3429581745277569
834,31.5334,-20.5215,2.0011,0,3429581755257256
835,23.1265,-19.7295,4.7706,0,3429581765269756
836,14.9616995,-19.3195,10.4204,0,3429581775279131
837,7.7581,-18.9298,15.830899,0,3429581785260381
838,-0.3518,-17.7922,18.3472,0,3429581795271319
839,-7.9308,-15.464,18.392399,0,3429581805249444
840,-15.135099,-13.875099,17.1166,0,3429581815260381
841,-24.7766,-13.464399,17.202799,0,3429581825272881
842,-36.1825,-13.132199,20.0054,0,3429581835252569
843,-48.9143,-11.1177,24.0812,0,3429581845263506
844,-61.7627,-6.8236,27.577599,0,3429581855274444
845,-71.6019,-3.6172998,27.951899,0,3429581865254131
846,-80.2409,-3.0035,25.0789,0,3429581875265069
847,-82.4252,-2.4201,21.6535,0,3429581885276006
848,-77.2269,-1.6327,17.4883,0,3429581895255694
849,-66.716095,-3.0749998,12.759399,0,3429581905268194
850,-54.404297,-5.8378997,6.6983,0,3429581915279131
851,-45.1317,-8.4064,1.9187,0,3429581925258819
852,-39.3807,-10.717999,2.4771,0,3429581935269756
853,-32.503098,-12.3894,7.3255997,0,3429581945280694
854,-26.351099,-13.7009,11.8116,0,3429581955260381
855,-21.1371,-15.1044,14.407599,0,3429581965271319
856,-15.5876,-16.9677,16.1533,0,3429581975251006
857,-2.0221,-20.5339,18.5929,0,3429581985263506
858,3.8154,-21.5866,19.2934,0,3429581995288506
859,16.850899,-22.153399,21.2213,0,3429582005254131
860,30.4014,-21.6822,22.3055,0,3429582015263506
861,42.355698,-20.1316,21.778599,0,3429582025276006
862,54.164097,-16.5168,20.193699,0,3429582035255694
863,63.0229,-12.6967,17.0399,0,3429582045266631
864,75.531395,-9.1345,14.788199,0,3429582055277569
865,80.4413,-8.863999,12.3310995,0,3429582065257256
866,81.013596,-7.4275,9.4797,0,3429582075269756
867,76.9216,-6.9214997,8.136499,0,3429582085279131
868,65.8716,-8.6151,8.136,0,3429582095258819
869,52.2763,-11.2543,7.4063997,0,3429582105271319
870,40.1908,-13.668099,5.559,0,3429582115251006
871,31.311499,-15.433399,3.53,0,3429582125261944
872,24.606298,-16.4469,2.5948,0,3429582135272881
873,17.7092,-16.5506,3.9575999,0,3429582145252569
874,11.1807995,-16.615099,6.4321,0,3429582155263506
875,4.5901,-15.7848,8.3822,0,3429582165274444
876,-2.8365,-14.8115,10.4499,0,3429582175254131
877,-12.8628,-12.2223,13.9488,0,3429582185265069
878,-22.3496,-9.947599,17.305199,0,3429582195277569
879,-31.586899,-11.0508995,18.291,0,3429582205255694
880,-42.0317,-12.084399,18.7179,0,3429582215268194
881,-51.089897,-9.5749,22.3239,0,3429582225279131
882,-62.666298,-6.7844996,28.052599,0,3429582235258819
883,-72.5101,-4.4539,30.038399,0,3429582245269756
884,-76.731895,-2.6553,25.6435,0,3429582255280694
885,-72.5522,-3.4822998,17.3547,0,3429582265260381
886,-64.1982,-5.8539,9.0835,0,3429582275272881
887,-54.279697,-7.3841996,1.9655999,0,3429582285252569
888,-45.542,-9.252399,-0.69979995,0,3429582295263506
889,-37.8349,-11.109099,1.3611,0,3429582305274444
890,-34.339798,-12.2648,6.5916,0,3429582315252569
891,-29.5816,-12.521299,11.6353,0,3429582325265069
892,-22.7234,-14.7098,15.728499,0,3429582335276006
893,-14.572,-16.3849,18.0166,0,3429582345255694
894,-5.5896,-18.613699,18.9333,0,3429582355266631
895,5.9339,-21.317299,20.036,0,3429582365277569
896,19.453,-22.683199,20.612,0,3429582375257256
897,33.3721,-22.8004,20.031599,0,3429582385269756
898,47.7252,-21.1966,17.75,0,3429582395279131
899,62.733097,-17.8765,15.4918995,0,3429582405258819
900,75.2251,-14.8919,12.076099,0,3429582415271319
901,80.9097,-12.0414,10.045,0,3429582425251006
902,81.487,-10.362599,8.3937,0,3429582435261944
903,81.214,-8.8361,7.2618,0,3429582445272881
904,75.164,-9.0397,7.6597996,0,3429582455252569
905,62.3281,-11.2309,8.6644,0,3429582465263506
906,47.3891,-13.3368,9.246699,0,3429582475274444
907,34.5588,-15.1109,9.285,0,3429582485255694
908,25.4086,-16.5317,9.2005,0,3429582495265069
909,18.9453,-16.5294,10.2253,0,3429582505277569
910,11.5871,-16.443699,12.8019,0,3429582515255694
911,4.1376,-16.872099,15.085799,0,3429582525268194
912,-2.2584,-16.7103,15.1199,0,3429582535277569
913,-9.556399,-15.370999,14.305599,0,3429582545258819
914,-17.6912,-14.7863,15.229899,0,3429582555269756
915,-25.225399,-14.1651,17.5404,0,3429582565280694
916,-35.1834,-11.7619,20.7297,0,3429582575260381
917,-45.6577,-9.2732,23.0175,0,3429582585271319
918,-58.7333,-5.6960998,24.6526,0,3429582595251006
919,-67.7298,-1.6854999,24.1556,0,3429582605261944
920,-73.069496,0.4962,21.904099,0,3429582615274444
921,-75.6763,1.6545999,17.0071,0,3429582625252569
922,-73.7464,1.4951999,11.8756,0,3429582635265069
923,-65.3006,0.19739999,6.0250998,0,3429582645276006
924,-55.2236,-2.4338,1.0181999,0,3429582655255694
925,-45.917297,-5.5309,-1.5943999,0,3429582665268194
926,-40.1273,-7.8848,0.23529999,0,3429582675277569
927,-36.8577,-7.5446997,5.3813,0,3429582685257256
928,-33.4488,-7.8543,11.995399,0,3429582695268194
929,-30.364899,-11.5842,17.6152,0,3429582705279131
930,-23.4777,-15.1543,21.0984,0,3429582715260381
931,-12.2261,-20.0979,23.608799,0,3429582725271319
932,0.063599996,-24.5642,25.582699,0,3429582735251006
933,12.049399,-26.4502,26.4548,0,3429582745261944
934,27.061699,-28.039,26.7116,0,3429582755272881
935,42.399498,-28.344099,26.3963,0,3429582765252569
936,56.8709,-27.4657,25.596899,0,3429582775263506
937,68.6988,-24.8697,23.2795,0,3429582785274444
938,75.7932,-22.282,19.746199,0,3429582795255694
939,79.4032,-17.6279,15.0005,0,3429582805265069
940,79.8222,-14.837999,11.564799,0,3429582815277569
941,75.4766,-13.6591,8.5255995,0,3429582825257256
942,66.9442,-14.7348995,6.8815,0,3429582835268194
943,54.4979,-15.694599,4.8582,0,3429582845279131
944,40.8603,-17.0937,1.8361,0,3429582855258819
945,29.7652,-18.0141,-1.0989,0,3429582865269756
946,22.2038,-18.0546,-1.8476,0,3429582875280694
947,16.5234,-17.3571,0.9098,0,3429582885260381
948,10.8552,-16.3399,4.8104997,0,3429582895272881
949,4.3738,-14.254399,8.3018,0,3429582905252569
950,-3.8808,-12.3981,10.4635,0,3429582915263506
951,-13.170899,-10.3935995,11.9576,0,3429582925274444
952,-22.1531,-8.8351,13.6477995,0,3429582935254131
953,-30.891699,-7.9947,16.2137,0,3429582945265069
954,-42.788998,-6.1506,20.738499,0,3429582955276006
955,-50.980797,-4.7903,24.2139,0,3429582965255694
956,-60.160797,-4.6909,25.164999,0,3429582975268194
957,-70.9444,-0.2316,23.587599,0,3429582985279131
958,-72.149796,0.4924,22.8927,0,3429582995258819
959,-70.465096,-0.067499995,19.883299,0,3429583005269756
960,-64.0087,-0.6199,14.5723,0,3429583015280694
961,-54.4446,-1.9294,8.3695,0,3429583025260381
962,-43.971,-5.4951,3.6287,0,3429583035271319
963,-36.5618,-8.7595,2.9513,0,3429583045251006
964,-33.2572,-9.0246,7.0790997,0,3429583055261944
965,-28.0394,-10.0729,12.410399,0,3429583065272881
966,-22.178,-12.752999,16.3942,0,3429583075252569
967,-16.2067,-15.0659,18.797699,0,3429583085263506
968,-11.0689,-17.3009,20.187199,0,3429583095276006
969,-3.2426,-19.7318,20.1159,0,3429583105254131
970,7.8499,-22.6196,19.027899,0,3429583115265069
971,20.9883,-23.835,18.1271,0,3429583125277569
972,38.1684,-23.9746,17.8121,0,3429583135255694
973,55.6586,-22.3427,17.6538,0,3429583145268194
974,70.1636,-19.6576,15.727099,0,3429583155279131
975,80.1549,-14.0885,14.2457,0,3429583165258819
976,81.9854,-10.2567,12.4571,0,3429583175269756
977,81.9919,-8.6024,9.4108,0,3429583185280694
978,80.111,-7.9318,7.895,0,3429583195261944
979,70.4765,-10.4381,7.6112,0,3429583205272881
980,55.7533,-14.1157,6.8546996,0,3429583215251006
981,40.657997,-16.899399,4.2507,0,3429583225263506
982,27.931398,-18.345499,1.1681,0,3429583235274444
983,19.7367,-17.7078,0.038,0,3429583245254131
984,15.2114,-17.7144,2.0633,0,3429583255265069
985,10.578899,-17.8944,5.657,0,3429583265276006
986,4.6843,-16.9308,9.0388,0,3429583275255694
987,-2.7738,-15.8818,11.4267,0,3429583285266631
988,-10.4858,-15.4379,12.755099,0,3429583295277569
989,-17.128199,-13.557899,14.1882,0,3429583305258819
990,-25.4508,-11.6755,16.8724,0,3429583315269756
991,-34.1359,-11.2624,20.7134,0,3429583325279131
992,-41.4203,-10.8467,24.115,0,3429583335260381
993,-48.018898,-8.5567,25.998499,0,3429583345271319
994,-58.2684,-6.6531997,26.542599,0,3429583355251006
995,-68.2313,-4.6928997,25.2746,0,3429583365261944
996,-71.7811,-2.4954998,22.7192,0,3429583375272881
997,-67.6595,-1.7235999,18.547699,0,3429583385252569
998,-60.254997,-2.4717,13.559199,0,3429583395263506
999,-52.701,-4.4267,8.0336,0,3429583405276006
1000,-45.2631,-8.0342,3.886,0,3429583415254131
1001,-38.8526,-9.318,4.2079,0,3429583425265069
1002,-35.205498,-9.599199,9.2662,0,3429583435277569
1003,-31.368898,-11.2829,14.709399,0,3429583445257256
1004,-26.217299,-13.736199,17.448599,0,3429583455268194
1005,-19.0259,-16.6733,17.754799,0,3429583465279131
1006,-10.0799,-20.3076,17.2243,0,3429583475258819
1007,0.3663,-22.9615,17.2722,0,3429583485271319
1008,13.0364,-24.872,18.7862,0,3429583495280694
1009,25.462599,-25.9217,20.631899,0,3429583505261944
1010,38.392498,-25.128,21.2451,0,3429583515272881
1011,54.0032,-22.8086,20.9212,0,3429583525251006
1012,70.509995,-19.6485,19.5942,0,3429583535261944
1013,80.2164,-15.9305,15.778399,0,3429583545274444
1014,81.602,-13.4409,11.7513,0,3429583555254131
1015,81.4869,-11.951699,7.2855,0,3429583565265069
1016,81.556,-11.754499,3.5616,0,3429583575276006
1017,74.207695,-13.6946,1.903,0,3429583585255694
1018,59.201797,-16.4434,1.7631999,0,3429583595268194
1019,42.0043,-17.987999,0.9598,0,3429583605277569
1020,29.2482,-18.725899,0.3302,0,3429583615257256
1021,21.414299,-18.1471,1.6148,0,3429583625269756
1022,17.0045,-18.6745,4.6366,0,3429583635280694
1023,11.8495,-18.3072,8.2569,0,3429583645260381
1024,5.7634,-17.42,11.5384,0,3429583655271319
1025,-0.52889997,-16.580599,12.698999,0,3429583665251006
1026,-7.6268997,-16.4891,12.2973995,0,3429583675261944
1027,-15.0391,-15.29,13.0866995,0,3429583685272881
1028,-21.526499,-13.475599,16.7017,0,3429583695252569
1029,-27.3862,-11.5279,21.685,0,3429583705263506
1030,-34.2467,-11.5618,24.033298,0,3429583715276006
1031,-44.5384,-12.722199,24.4268,0,3429583725254131
1032,-58.704998,-11.1334,25.020899,0,3429583735265069
1033,-68.7336,-8.1796,26.9912,0,3429583745277569
1034,-77.1851,-4.4802,29.3464,0,3429583755257256
1035,-80.27,-1.5639,26.906399,0,3429583765268194
1036,-77.056595,-3.3367,20.9854,0,3429583775279131
1037,-65.9046,-7.5519,12.2796,0,3429583785258819
1038,-54.2136,-11.935599,5.6524997,0,3429583795269756
1039,-44.5263,-13.667,3.4115,0,3429583805249444
1040,-38.2989,-14.7807,7.6426997,0,3429583815260381
1041,-33.266098,-16.6224,13.039,0,3429583825271319
1042,-26.0977,-17.9439,17.4286,0,3429583835252569
1043,-14.8849,-20.383,19.9174,0,3429583845261944
1044,-3.5461,-23.0662,20.737999,0,3429583855274444
1045,8.6401,-24.677,20.7642,0,3429583865254131
1046,22.4109,-25.0073,20.7222,0,3429583875265069
1047,38.8293,-23.7988,21.180899,0,3429583885276006
1048,53.4603,-20.9933,21.100199,0,3429583895255694
1049,62.320797,-16.9378,19.3118,0,3429583905266631
1050,64.29,-12.360499,15.3743,0,3429583915277569
1051,65.0506,-8.693,11.6191,0,3429583925257256
1052,62.5835,-6.9997997,6.9498997,0,3429583935269756
1053,55.5963,-6.5558996,1.2655,0,3429583945280694
1054,46.6219,-6.2935,-3.9426,0,3429583955260381
1055,35.1186,-6.8101997,-7.7135,0,3429583965271319
1056,23.4088,-8.103,-8.9137,0,3429583975251006
1057,7.8492,-6.2167,-7.4344997,0,3429583985263506
1058,2.9924998,-4.7995,-5.9877,0,3429583995274444
1059,-3.4636,-2.2062,-2.5804,0,3429584005252569
1060,-9.1125,0.2866,1.2592,0,3429584015263506
1061,-12.6992,2.335,4.4121,0,3429584025276006
1062,-14.9881,3.9285,6.2023997,0,3429584035255694
1063,-14.883699,4.5642,5.9403996,0,3429584045266631
1064,-13.7683,4.9255,4.8059998,0,3429584055277569
1065,-11.3692,4.9556,3.6294,0,3429584065257256
1066,-8.1946,4.7297,2.2944999,0,3429584075268194
1067,-5.4858,4.3131,1.2554,0,3429584085279131
1068,-3.6424,4.2388,0.3375,0,3429584095258819
1069,-1.6625999,3.8058999,-0.156,0,3429584105271319
1070,0.2581,3.5625,-0.1989,0,3429584115249444
1071,2.1807,3.1794999,-0.50299996,0,3429584125260381
1072,3.3346999,3.2514,-0.89629996,0,3429584135271319
1073,3.6413999,3.2963,-1.0282,0,3429584145252569
1074,2.4224,3.3709998,-0.982,0,3429584155263506
1075,0.93789995,3.3532,-0.9037,0,3429584165274444
1076,0.3451,3.4297,-0.42229998,0,3429584175254131
1077,0.7054,3.1281998,-0.2889,0,3429584185265069
1078,0.7976,2.6706998,-0.2039,0,3429584195276006
1079,0.5559,2.304,-0.111899994,0,3429584205255694
1080,-0.2803,2.2194,0.4955,0,3429584215266631
1081,-0.6594,2.2063,1.1405,0,3429584225279131
1082,-0.96389997,2.1654,1.3692,0,3429584235258819
1083,-1.0242,1.9981999,1.1632,0,3429584245269756
1084,-0.89379996,1.6836,0.7179,0,3429584255280694
1085,-0.6494,1.5124999,0.505,0,3429584265260381
1086,-0.100999996,1.3491,0.308,0,3429584275271319
1087,0.4761,1.0828,0.49089998,0,3429584285251006
1088,0.6224,1.2227,0.7563,0,3429584295261944
1089,0.7431,1.4726,0.7209,0,3429584305272881
1090,0.7928,1.4957,0.5334,0,3429584315252569
1091,0.88699996,1.4125999,0.1434,0,3429584325263506
1092,0.7604,1.5698,-0.29909998,0,3429584335276006
1093,0.7285,1.5596,-0.45209998,0,3429584345255694
1094,0.7772,1.5087,-0.3703,0,3429584355265069
1095,0.97679996,1.3795999,-0.056599997,0,3429584365277569
1096,0.8698,1.6135,0.32299998,0,3429584375257256
1097,0.6947,1.573,0.4597,0,3429584385268194
1098,0.48499998,1.4599,0.3091,0,3429584395279131
1099,0.35259998,1.2175,-0.36069998,0,3429584405258819
1100,-0.3189,1.0626,-0.8276,0,3429584415271319
1101,-0.79719996,0.9519,-1.15,0,3429584425249444
1102,-1.023,1.1732,-1.2633,0,3429584435261944
1103,-1.0192,1.384,-1.202,0,3429584445272881
1104,-1.1438999,1.5579,-0.7819,0,3429584455252569
1105,-1.0131999,1.4505,-0.3742,0,3429584465263506
1106,-1.1326,1.375,0.254,0,3429584475274444
1107,-1.0497,1.3395,0.4369,0,3429584485255694
1108,-1.1496,1.1984999,0.3403,0,3429584495265069
1109,-1.3438,0.833,0.21689999,0,3429584505277569
1110,-1.43,0.5449,-0.0784,0,3429584515255694
1111,-1.0540999,-0.109799996,-0.6416,0,3429584525268194
1112,-1.1226,0.4046,-0.1646,0,3429584535277569
1113,-1.1794,1.3958,0.0703,0,3429584545257256
1114,-1.2662,1.7529999,0.9481,0,3429584555269756
1115,-1.3245,1.6359999,1.9785999,0,3429584565280694
1116,-1.4583,1.4468,2.4859998,0,3429584575260381
1117,-1.0162,0.87469995,1.9318,0,3429584585271319
1118,-0.7211,0.46899998,1.0675,0,3429584595251006
1119,-0.94659996,0.3733,0.2597,0,3429584605261944
1120,-1.2947,0.48839998,-0.102699995,0,3429584615272881
1121,-1.1814,0.3543,-0.311,0,3429584625254131
1122,-0.88229996,0.41709998,-0.3671,0,3429584635263506
1123,-0.7897,1.0119,0.1927,0,3429584645276006
1124,-0.90809995,1.2932999,0.8333,0,3429584655255694
1125,-0.72859997,1.1372,1.2727,0,3429584665266631
1126,-0.3434,0.82019997,1.3514,0,3429584675277569
1127,0.124,-0.073199995,0.8321,0,3429584685257256
1128,-1.0131,1.5561999,0.8415,0,3429584695268194
1129,-1.5361999,1.8018999,0.1959,0,3429584705279131
1130,-1.3421999,0.67039996,-0.019199999,0,3429584715260381
1131,-1.0493,0.17729999,-0.6109,0,3429584725271319
1132,-1.01,0.4173,-1.0117999,0,3429584735251006
1133,-1.1711999,0.7175,-1.1031,0,3429584745260381
1134,-1.5342,1.1271,-0.83669996,0,3429584755272881
1135,-1.5827,1.439,-0.42209998,0,3429584765252569
1136,-1.5654999,1.4733,-0.0689,0,3429584775263506
1137,-1.1093,0.8718,0.17099999,0,3429584785274444
1138,-0.86399996,0.45949998,0.093399994,0,3429584795254131
1139,-0.807,0.6002,-0.0858,0,3429584805265069
1140,-0.8053,0.7712,-0.241,0,3429584815277569
1141,-0.64919996,0.85889995,-0.5348,0,3429584825255694
1142,-0.5226,0.8109,-0.8761,0,3429584835268194
1143,-0.2751,0.6483,-1.3326,0,3429584845279131
1144,-0.2445,0.4807,-2.026,0,3429584855258819
1145,-0.37129998,0.2819,-2.4799,0,3429584865269756
1146,-0.6996,0.2965,-2.9854999,0,3429584875280694
1147,-1.0912,0.3173,-3.5804,0,3429584885260381
1148,-1.3572999,0.3243,-4.3013997,0,3429584895271319
1149,-1.0859,0.0036,-4.5622,0,3429584905251006
1150,-0.80579996,0.081,-4.6679,0,3429584915261944
1151,-1.0821999,0.252,-5.5710998,0,3429584925274444
1152,-1.7773999,0.41979998,-7.2746,0,3429584935254131
1153,-1.6861,0.8818,-9.4636,0,3429584945265069
1154,-1.3697,1.1532,-12.3516,0,3429584955276006
1155,-2.4973,1.2829,-14.7975,0,3429584965255694
1156,-3.9373,2.1571999,-17.717,0,3429584975266631
1157,-5.7148,1.5733,-22.255299,0,3429584985279131
1158,-5.19,1.2434,-23.7177,0,3429584995290069
1159,-3.0516999,1.0918,-26.65,0,3429585005269756
1160,-2.21,0.59349996,-28.7704,0,3429585015279131
1161,-2.961,0.16219999,-30.236198,0,3429585025258819
1162,-3.2969,-1.2808,-30.850199,0,3429585035271319
1163,-4.1416,-2.7317,-30.091599,0,3429585045251006
1164,-3.6866,-2.9036,-27.4284,0,3429585055261944
1165,-2.2288,-3.8174999,-23.525099,0,3429585065272881
1166,-1.6552999,-5.8469996,-18.569399,0,3429585075252569
1167,-1.6159999,-5.7216997,-13.4456,0,3429585085263506
1168,-3.8557,-3.9213,-6.375,0,3429585095274444
1169,-3.4294999,-4.8919997,1.3464,0,3429585105254131
1170,-3.2080998,-7.8303,7.3202,0,3429585115265069
1171,-3.4359999,-6.2195997,11.9625,0,3429585125276006
1172,-1.3449999,-6.87,15.3617,0,3429585135255694
1173,2.0017,-11.8234,19.7184,0,3429585145268194
1174,1.5181999,-15.7913,24.241999,0,3429585155279131
1175,-1.2416999,-14.5522995,30.775,0,3429585165258819
1176,-1.8244,-6.9575996,42.3517,0,3429585175269756
1177,-1.5185,0.48929998,55.112297,0,3429585185280694
1178,-3.4759998,4.5401,61.119797,0,3429585195260381
1179,-7.9479,9.2147,57.0683,0,3429585205272881
1180,-7.1481,9.2471,48.0798,0,3429585215252569
1181,-2.9006,6.3564997,40.763,0,3429585225261944
1182,1.0794,2.7173998,37.5958,0,3429585235274444
1183,5.1661,-1.7150999,36.4652,0,3429585245252569
1184,8.878699,-4.5239997,34.1401,0,3429585255263506
1185,10.267,-5.9716,31.077599,0,3429585265276006
1186,9.2978,-6.4744,29.6504,0,3429585275255694
1187,5.9962997,-5.0441,30.0222,0,3429585285266631
1188,-1.1093999,-4.5525,30.744598,0,3429585295277569
1189,-7.7818,-2.1887,29.8277,0,3429585305257256
1190,-10.814199,-1.0685999,29.387798,0,3429585315268194
1191,-13.1292,-1.8636999,31.622599,0,3429585325279131
1192,-15.484699,-1.8038,32.6812,0,3429585335258819
1193,-15.2876,-2.6523,30.519098,0,3429585345271319
1194,-12.5562,-3.4657998,26.2311,0,3429585355251006
1195,-10.8459,-3.7677,17.4079,0,3429585365261944
1196,-10.5701,-4.5127,9.8977995,0,3429585375272881
1197,-8.3785,-3.7438,4.4179,0,3429585385252569
1198,-4.5504,-3.1183999,0.7654,0,3429585395263506
1199,-2.4445999,-2.9477,-4.1787,0,3429585405274444
1200,-2.7438,-3.6708999,-11.6837,0,3429585415254131
1201,-2.9254,-5.1719,-20.3711,0,3429585425265069
1202,-2.454,-7.1787996,-31.540499,0,3429585435277569
1203,-3.7229,-9.8762,-44.6767,0,3429585445257256
1204,-3.6976,-10.980599,-55.069397,0,3429585455268194
1205,0.9259,-12.972,-60.8574,0,3429585465279131
1206,6.3887997,-15.1816,-59.847797,0,3429585475258819
1207,7.8764,-14.6719,-53.721798,0,3429585485271319
1208,7.7504997,-14.1814995,-42.8148,0,3429585495280694
1209,4.0650997,-12.4512,-31.242199,0,3429585505260381
1210,-2.7096999,-7.5944996,-20.8549,0,3429585515271319
1211,-7.3026,-4.4291997,-14.2226,0,3429585525252569
1212,-10.5425,-3.2993,-12.660999,0,3429585535263506
1213,-11.6202,-2.8439,-16.6356,0,3429585545274444
1214,-10.5842,-2.6604,-22.296,0,3429585555254131
1215,-10.1524,-2.1365,-26.6987,0,3429585565265069
1216,-9.208799,-0.61829996,-27.8142,0,3429585575276006
1217,-6.6022997,-0.088,-26.0639,0,3429585585255694
1218,-4.9005,1.1261,-25.4679,0,3429585595266631
1219,-3.8976998,5.3089,-23.428299,0,3429585605277569
1220,-2.3486,7.8978,-21.6059,0,3429585615257256
1221,-2.7036,7.5308,-21.630999,0,3429585625269756
1222,-1.6854,6.4477,-23.2015,0,3429585635279131
1223,-2.3975,3.4880998,-26.3811,0,3429585645260381
1224,-2.1713998,0.2932,-28.733099,0,3429585655271319
1225,-0.4978,0.4851,-35.1648,0,3429585665251006
1226,-0.41489998,-0.2719,-38.1334,0,3429585675261944
1227,-3.454,0.0244,-34.8603,0,3429585685272881
1228,-3.0763,0.6899,-26.6896,0,3429585695252569
1229,-1.0643,3.021,-17.745699,0,3429585705263506
1230,-0.89129996,4.268,-9.773399,0,3429585715276006
1231,0.8422,0.42209998,-2.3284,0,3429585725255694
1232,0.9047,-2.8641,3.0509999,0,3429585735265069
1233,-2.5219998,-6.013,6.1661997,0,3429585745277569
1234,-4.3371,-11.108999,8.409699,0,3429585755257256
1235,-1.6725,-18.223799,9.3946,0,3429585765268194
1236,-1.3586999,-23.430399,12.9502,0,3429585775279131
1237,-5.8019,-22.1292,21.1861,0,3429585785258819
1238,-8.4442,-20.234499,33.6986,0,3429585795269756
1239,-10.7838,-16.7278,45.001297,0,3429585805280694
1240,-12.314799,-14.2844,47.951797,0,3429585815260381
1241,-10.8566,-13.2978,48.0067,0,3429585825271319
1242,-5.8601,-12.113899,47.448597,0,3429585835251006
1243,-0.92679995,-10.9084,47.123398,0,3429585845263506
1244,-2.1301,-6.6126,46.8947,0,3429585855274444
1245,-4.7407,-2.1203,44.9165,0,3429585865252569
1246,-6.329,-0.7274,42.135597,0,3429585875265069
1247,-7.8150997,-0.6827,38.855198,0,3429585885276006
1248,-7.6657996,-2.0672998,36.0272,0,3429585895255694
1249,-4.7292,-4.7504,34.2098,0,3429585905266631
1250,-1.3880999,-7.1282,34.443398,0,3429585915277569
1251,0.20969999,-9.0535,33.8023,0,3429585925257256
1252,-0.6674,-9.4727,31.7184,0,3429585935269756
1253,-0.4147,-10.276999,29.5695,0,3429585945280694
1254,-0.73039997,-11.2519,29.6915,0,3429585955258819
1255,-2.4389,-9.809199,31.281,0,3429585965271319
1256,-5.9941998,-8.8487,32.9923,0,3429585975251006
1257,-14.2564,-6.508,29.3074,0,3429585985261944
1258,-16.344599,-6.2177997,26.4974,0,3429585995274444
1259,-15.2841,-6.0523,20.3939,0,3429586005252569
1260,-9.2767,-6.9117,15.517799,0,3429586015263506
1261,-8.1451,-6.9536,9.233,0,3429586025274444
1262,-8.5669,-3.9408998,1.6524999,0,3429586035255694
1263,-6.0948,-3.023,-6.6464,0,3429586045265069
1264,-3.9533,-2.7854998,-15.330199,0,3429586055277569
1265,-4.4451,0.20289999,-23.7088,0,3429586065257256
1266,-7.1727,2.3667998,-29.1353,0,3429586075268194
1267,-6.4705,1.3752999,-32.2304,0,3429586085279131
1268,-5.1601,-1.546,-36.103,0,3429586095258819
1269,-5.8248997,-3.5742,-43.087997,0,3429586105269756
1270,-3.1806998,-5.9119997,-50.4309,0,3429586115280694
1271,1.1089,-10.243199,-54.625298,0,3429586125260381
1272,4.3986,-12.606,-55.1111,0,3429586135271319
1273,8.0265,-13.877399,-47.2407,0,3429586145252569
1274,6.5636,-12.5701,-36.602898,0,3429586155263506
1275,1.22,-8.464499,-26.2085,0,3429586165274444
1276,-3.0047998,-4.1828,-18.7342,0,3429586175254131
1277,-5.387,-0.6519,-13.454599,0,3429586185265069
1278,-7.5832,1.48,-11.4002,0,3429586195276006
1279,-9.783199,1.9135,-12.5945,0,3429586205255694
1280,-9.150499,1.4834,-15.966499,0,3429586215266631
1281,-8.4767,1.6577,-18.2055,0,3429586225277569
1282,-8.8102,2.1824,-18.0773,0,3429586235257256
1283,-7.3252997,2.144,-15.632199,0,3429586245269756
1284,-5.7731,2.9713,-13.5764,0,3429586255280694
1285,-3.9243,3.8014998,-12.5574,0,3429586265260381
1286,-1.8278999,4.3251,-13.473,0,3429586275271319
1287,0.093899995,4.6247,-15.795099,0,3429586285251006
1288,1.3096,5.258,-19.9366,0,3429586295261944
1289,-0.0955,5.8808,-23.2393,0,3429586305272881
1290,-1.4731,5.8922,-25.6987,0,3429586315252569
1291,-3.0314,3.6892,-28.6679,0,3429586325263506
1292,-3.9206998,4.3929,-39.4974,0,3429586335274444
1293,-1.5837,4.8201,-46.035297,0,3429586345255694
1294,-0.63519996,3.0769,-44.407497,0,3429586355265069
1295,-1.0570999,1.096,-39.6982,0,3429586365277569
1296,3.9557998,-1.5804,-36.274998,0,3429586375257256
1297,7.5125,-3.4457,-30.9459,0,3429586385268194
1298,11.1655,-5.1867,-19.9266,0,3429586395279131
1299,12.8252,-12.0658,-8.2121,0,3429586405258819
1300,3.4313,-16.7204,1.7211,0,3429586415269756
1301,-6.6712,-18.5157,9.254,0,3429586425280694
1302,-9.7154,-24.778599,18.7425,0,3429586435260381
1303,-7.6008997,-31.237799,31.178,0,3429586445272881
1304,-17.290499,-30.0794,42.4141,0,3429586455252569
1305,-23.4734,-25.3739,47.7045,0,3429586465261944
1306,-19.126299,-24.1964,51.907497,0,3429586475274444
1307,-15.2683,-17.2298,60.2325,0,3429586485254131
1308,-14.944599,-10.7553,68.233795,0,3429586495265069
1309,-16.199,-3.8572,69.318,0,3429586505276006
1310,-17.0914,3.2675,63.093197,0,3429586515255694
1311,-13.634399,2.1697,51.3232,0,3429586525266631
1312,-8.905399,-0.89379996,42.3639,0,3429586535277569
1313,-6.7369,-2.3295,35.5464,0,3429586545258819
1314,-2.4257,-5.3708,30.065699,0,3429586555269756
1315,3.4062,-7.8251996,26.3613,0,3429586565280694
1316,4.3150997,-6.5499997,25.1364,0,3429586575260381
1317,4.0982,-4.8845,28.0654,0,3429586585271319
1318,3.9241,-4.1279,32.1083,0,3429586595251006
1319,2.1046,-3.7751,35.5024,0,3429586605261944
1320,-0.17369999,-3.455,37.4474,0,3429586615272881
1321,-2.537,-3.9856,38.281498,0,3429586625252569
1322,-7.1215,-4.3208,38.707897,0,3429586635263506
1323,-15.0589,-3.3