0,-0.002613,0.0038059999,-0.694862,0.719127,0.0,3,12920225162498
1,-0.001467,0.004129,-0.69505,0.718948,0.0,3,12920235140623
2,-0.002282,0.003819,-0.693176,0.720754,0.0,3,12920245153123
3,-0.00129,0.004281,-0.693123,0.720804,0.0,3,12920255132811
4,-0.001114,0.004904,-0.691285,0.72256297,0.0,3,12920265143748
5,-2.22E-4,0.005452,-0.691107,0.722731,0.0,3,12920275154686
6,-0.001503,0.006241,-0.689425,0.724328,0.0,3,12920285134373
7,-6.4E-4,0.006824,-0.689221,0.724518,0.0,3,12920295145311
8,-0.001635,0.007234,-0.687429,0.726213,0.0,3,12920305156248
9,-8.03E-4,0.007847,-0.687207,0.726418,0.0,3,12920315135936
10,-0.002011,0.008197,-0.685425,0.728094,0.0,3,12920325146873
11,-0.001195,0.00883,-0.685207,0.728293,0.0,3,12920335157811
12,-0.001871,0.009091,-0.683324,0.730056,0.0,3,12920345137498
13,-0.001075,0.009743,-0.68311,0.730248,0.0,3,12920355148436
14,-0.00151,0.010269,-0.681238,0.731987,0.0,3,12920365160936
15,-7.27E-4,0.010932,-0.68104,0.732163,0.0,3,12920375140623
16,-0.001644,0.011256,-0.679188,0.733875,0.0,3,12920385151561
17,-0.003332,0.0147049995,-0.675769,0.736958,0.0,3,12920395162498
18,-0.003557,0.014498,-0.673663,0.738887,0.0,3,12920405142186
19,-0.005007,0.017566,-0.670468,0.741712,0.0,3,12920415154686
20,-0.005045,0.017234,-0.66828,0.743692,0.0,3,12920425132811
21,-0.006336,0.020053,-0.665159,0.746404,0.0,3,12920435143748
22,-0.006637,0.019717,-0.662997,0.748332,0.0,3,12920445154686
23,-0.007751,0.022269,-0.660062,0.75084,0.0,3,12920455134373
24,-0.007478,0.022082,-0.657804,0.752828,0.0,3,12920465145311
25,-0.008442,0.02442,-0.655051,0.755142,0.0,3,12920475157811
26,-0.008535,0.024299,-0.652859,0.75704,0.0,3,12920485137498
27,-0.009319,0.026387,-0.650335,0.759131,0.0,3,12920495148436
28,-0.009551,0.026,-0.648088,0.761061,0.0,3,12920505159373
29,-0.010305,0.028049,-0.645585,0.763103,0.0,3,12920515139061
30,-0.010219,0.026597999,-0.645052,0.763607,0.0,3,12920525149998
31,-0.011212,0.027815,-0.644119,0.764336,0.0,3,12920535162498
32,-0.011615,0.026433,-0.6436,0.764816,0.0,3,12920545140623
33,-0.012859,0.027266,-0.64268,0.765541,0.0,3,12920555151561
34,-0.013197,0.02567,-0.642333,0.765881,0.0,3,12920565132811
35,-0.013441,0.025999,-0.641756,0.766349,0.0,3,12920575143748
36,-0.012607,0.024149999,-0.641313,0.766795,0.0,3,12920585154686
37,-0.012874,0.024681,-0.640485,0.767465,0.0,3,12920595134373
38,-0.0127799995,0.022951,-0.639992,0.767931,0.0,3,12920605145311
39,-0.01348,0.023661999,-0.638938,0.768775,0.0,3,12920615156248
40,-0.013426,0.022162,-0.638571,0.769125,0.0,3,12920625135936
41,-0.014296,0.02273,-0.637565,0.769928,0.0,3,12920635146873
42,-0.013997,0.02147,-0.637179,0.770289,0.0,3,12920645159373
43,-0.014508,0.022078,-0.63616097,0.771103,0.0,3,12920655139061
44,-0.014183,0.0208,-0.635717,0.771511,0.0,3,12920665149998
45,-0.014576,0.021511,-0.634789,0.772247,0.0,3,12920675160936
46,-0.01429,0.02039,-0.634373,0.77262497,0.0,3,12920685140623
47,-0.014894,0.021023,-0.633647,0.773193,0.0,3,12920695151561
48,-0.015119,0.01998,-0.633171,0.773605,0.0,3,12920705162498
49,-0.015899999,0.020781,-0.632439,0.774167,0.0,3,12920715142186
50,-0.016185,0.019834,-0.632088,0.774473,0.0,3,12920725153123
51,-0.017039,0.020439,-0.631501,0.774918,0.0,3,12920735132811
52,-0.017095,0.019479,-0.63118,0.775203,0.0,3,12920745143748
53,-0.017811,0.02005,-0.630367,0.775833,0.0,3,12920755156248
54,-0.017895,0.018828,-0.630012,0.77615,0.0,3,12920765135936
55,-0.018387,0.019334,-0.629234,0.776757,0.0,3,12920775146873
56,-0.018204,0.017931,-0.628931,0.777041,0.0,3,12920785157811
57,-0.019132,0.018473,-0.628127,0.777655,0.0,3,12920795137498
58,-0.019219,0.017332999,-0.627852,0.777902,0.0,3,12920805148436
59,-0.02034,0.018078,-0.626912,0.778614,0.0,3,12920815159373
60,-0.020341,0.017188,-0.626664,0.778834,0.0,3,12920825139061
61,-0.02079,0.018054,-0.625733,0.77955,0.0,3,12920835149998
62,-0.02022,0.017087,-0.625256,0.77997,0.0,3,12920845162498
63,-0.020654,0.018188,-0.624172,0.780802,0.0,3,12920855140623
64,-0.020287,0.017568,-0.623536,0.78133297,0.0,3,12920865151561
65,-0.021031,0.018668,-0.622379,0.78221,0.0,3,12920875132811
66,-0.021396,0.017479,-0.621973,0.78255,0.0,3,12920885143748
67,-0.022456,0.018001,-0.621272,0.783065,0.0,3,12920895154686
68,-0.022478,0.016748,-0.621053,0.783267,0.0,3,12920905134373
69,-0.023295,0.017045,-0.620589,0.783603,0.0,3,12920915145311
70,-0.023105,0.016274,-0.62021,0.783926,0.0,3,12920925156248
71,-0.023431,0.016851,-0.619533,0.784439,0.0,3,12920935135936
72,-0.02303,0.016201999,-0.619204,0.784725,0.0,3,12920945148436
73,-0.023242,0.016875,-0.618435,0.78531,0.0,3,12920955159373
74,-0.022608,0.016139999,-0.61813897,0.785577,0.0,3,12920965137498
75,-0.022746,0.016694,-0.617486,0.786075,0.0,3,12920975149998
76,-0.022305,0.015808,-0.617138,0.786379,0.0,3,12920985159373
77,-0.022271,0.01624,-0.616367,0.786975,0.0,3,12920995140623
78,-0.021801,0.014288,-0.615776,0.787489,0.0,3,12921005151561
79,-0.021999,0.014364,-0.614998,0.78809,0.0,3,12921015162498
80,-0.021972,0.012418,-0.614647,0.788398,0.0,3,12921025142186
81,-0.02267,0.011989,-0.614021,0.788872,0.0,3,12921035153123
82,-0.02248,0.010971,-0.613919,0.788971,0.0,3,12921045132811
83,-0.022747,0.010966,-0.613167,0.789549,0.0,3,12921055143748
84,-0.02184,0.01031,-0.61279,0.789876,0.0,3,12921065154686
85,-0.021707,0.011318,-0.61181897,0.790618,0.0,3,12921075134373
86,-0.020723,0.011177,-0.611144,0.791169,0.0,3,12921085145311
87,-0.020756,0.012678,-0.609703,0.792256,0.0,3,12921095157811
88,-0.020728,0.012939,-0.609152,0.792676,0.0,3,12921105137498
89,-0.02091,0.013955,-0.608078,0.793478,0.0,3,12921115148436
90,-0.020457,0.013102,-0.60797,0.793588,0.0,3,12921125159373
91,-0.021212,0.013403,-0.607418,0.793985,0.0,3,12921135140623
92,-0.020928,0.01164,-0.607175,0.794206,0.0,3,12921145151561
93,-0.021301,0.011557,-0.606449,0.794752,0.0,3,12921155162498
94,-0.020367,0.009128,-0.605914,0.795216,0.0,3,12921165142186
95,-0.020073,0.008537,-0.605022,0.795909,0.0,3,12921175153123
96,-0.018966,0.006923,-0.604862,0.796073,0.0,3,12921185132811
97,-0.018829,0.006937,-0.604279,0.796519,0.0,3,12921195143748
98,-0.018136,0.00594,-0.604079,0.796695,0.0,3,12921205154686
99,-0.018322,0.006776,-0.60362,0.797032,0.0,3,12921215134373
100,-0.017101,0.007141,-0.603747,0.79696,0.0,3,12921225145311
101,-0.016754,0.0077029997,-0.603415,0.797213,0.0,3,12921235156248
102,-0.016062,0.006598,-0.603084,0.797488,0.0,3,12921245137498
103,-0.016099,0.007147,-0.60247,0.797946,0.0,3,12921255148436
104,-0.015256,0.006304,-0.602351,0.79806,0.0,3,12921265159373
105,-0.014672,0.006087,-0.601815,0.798477,0.0,3,12921275139061
106,-0.01334,0.00397,-0.601606,0.798671,0.0,3,12921285149998
107,-0.012112,0.003962,-0.60102,0.799132,0.0,3,12921295160936
108,-0.010534,0.002731,-0.600824,0.799307,0.0,3,12921305140623
109,-0.009043,0.002997,-0.600129,0.799846,0.0,3,12921315151561
110,-0.007116,0.002428,-0.60044,0.799634,0.0,3,12921325131248
111,-0.005818,0.003167,-0.600438,0.799643,0.0,3,12921335142186
112,-0.003763,0.003311,-0.601085,0.799169,0.0,3,12921345153123
113,-0.003304,0.004058,-0.601033,0.799206,0.0,3,12921355134373
114,-0.002617,0.003087,-0.601091,0.79917,0.0,3,12921365143748
115,-0.002535,0.003228,-0.60116297,0.799115,0.0,3,12921375156248
116,-0.002046,0.001587,-0.601147,0.799134,0.0,3,12921385135936
117,-0.001424,0.001924,-0.60112,0.799155,0.0,3,12921395146873
118,-6.57E-4,5.24E-4,-0.601336,0.798995,0.0,3,12921405157811
119,2.14E-4,7.93E-4,-0.601547,0.798836,0.0,3,12921415137498
120,0.001613,4.39E-4,-0.602648,0.798005,0.0,3,12921425149998
121,0.003091,5.87E-4,-0.603221,0.797567,0.0,3,12921435159373
122,0.005299,1.29E-4,-0.604464,0.796614,0.0,3,12921445140623
123,0.007417,-1.27E-4,-0.604814,0.796332,0.0,3,12921455151561
124,0.009567,-1.55E-4,-0.605746,0.7956,0.0,3,12921465162498
125,0.010646,4.7199999E-4,-0.606126,0.795296,0.0,3,12921475140623
126,0.012798,0.001107,-0.606022,0.795343,0.0,3,12921485153123
127,0.012098,0.00272,-0.605436,0.795796,0.0,3,12921495132811
128,0.010894,0.002882,-0.604576,0.796467,0.0,3,12921505143748
129,0.009405,0.003586,-0.603324,0.797432,0.0,3,12921515154686
130,0.008107,0.002685,-0.602315,0.798212,0.0,3,12921525134373
131,0.007079,0.00276,-0.601343,0.798954,0.0,3,12921535145311
132,0.006553,0.001752,-0.600835,0.799344,0.0,3,12921545157811
133,0.006323,0.001858,-0.600389,0.79968,0.0,3,12921555135936
134,0.006645,0.001182,-0.600326,0.799726,0.0,3,12921565146873
135,0.007144,0.002047,-0.600458,0.799621,0.0,3,12921575159373
136,0.008545,0.002359,-0.600783,0.799362,0.0,3,12921585139061
137,0.009829,0.003558,-0.600957,0.799212,0.0,3,12921595149998
138,0.01194,0.003232,-0.600965,0.799179,0.0,3,12921605160936
139,0.013333,0.004053,-0.60079,0.799284,0.0,3,12921615140623
140,0.013845,0.002814,-0.600178,0.79974097,0.0,3,12921625151561
141,0.013679,0.003153,-0.59944,0.800296,0.0,3,12921635131248
142,0.012377,0.001467,-0.598727,0.800855,0.0,3,12921645142186
143,0.01142,0.0018,-0.59819597,0.801265,0.0,3,12921655153123
144,0.009974,-2.3E-5,-0.597725,0.801638,0.0,3,12921665132811
145,0.009728,4.82E-4,-0.597273,0.801978,0.0,3,12921675143748
146,0.009321,-0.0015,-0.596854,0.802294,0.0,3,12921685156248
147,0.009856,-1.46E-4,-0.596168,0.802798,0.0,3,12921695135936
148,0.009867,-0.002202,-0.595185,0.803524,0.0,3,12921705146873
149,0.010287,-4.1E-5,-0.594041,0.804368,0.0,3,12921715157811
150,0.008065,-0.003425,-0.592524,0.805504,0.0,3,12921725137498
151,0.008076,-0.001974,-0.591096,0.806558,0.0,3,12921735149998
152,0.004987,-0.006709,-0.589517,0.807712,0.0,3,12921745160936
153,0.005111,-0.006015,-0.588434,0.808506,0.0,3,12921755139061
154,0.003326,-0.01171,-0.586801,0.809639,0.0,3,12921765151561
155,0.003476,-0.011573,-0.58558,0.810524,0.0,3,12921775162498
156,0.001431,-0.019106999,-0.583236,0.812076,0.0,3,12921785140623
157,0.001606,-0.019059,-0.581504,0.813318,0.0,3,12921795153123
158,-0.001029,-0.0278,-0.578825,0.814976,0.0,3,12921805132811
159,-0.001054,-0.027962,-0.577196,0.816126,0.0,3,12921815143748
160,-0.003794,-0.037135,-0.574215,0.817852,0.0,3,12921825154686
161,-0.004773,-0.037605,-0.57224,0.819209,0.0,3,12921835134373
162,-0.008554,-0.046073,-0.569324,0.820776,0.0,3,12921845145311
163,-0.009101,-0.046894,-0.56688,0.822413,0.0,3,12921855157811
164,-0.013364,-0.056117,-0.563904,0.823822,0.0,3,12921865137498
165,-0.013472,-0.057866998,-0.56097597,0.825696,0.0,3,12921875146873
166,-0.018709,-0.067093,-0.558106,0.82684,0.0,3,12921885157811
167,-0.019126,-0.070458,-0.555023,0.828624,0.0,3,12921895139061
168,-0.02288,-0.079662,-0.55219,0.829587,0.0,3,12921905149998
169,-0.022884,-0.084187,-0.548602,0.831519,0.0,3,12921915160936
170,-0.02671,-0.094517,-0.544604,0.83292097,0.0,3,12921925140623
171,-0.02688,-0.097153,-0.540752,0.835119,0.0,3,12921935151561
172,-0.033203,-0.102465,-0.538291,0.835847,0.0,3,12921945132811
173,-0.034322,-0.104307,-0.535514,0.837356,0.0,3,12921955142186
174,-0.044231,-0.105618,-0.536011,0.836409,0.0,3,12921965154686
175,-0.04561,-0.108112,-0.535352,0.836438,0.0,3,12921975134373
176,-0.042936,-0.100434996,-0.540051,0.834514,0.0,3,12921985143748
177,-0.046486,-0.101685,-0.541332,0.833341,0.0,3,12921995156248
178,-0.03991,-0.09255,-0.545841,0.831804,0.0,3,12922005134373
179,-0.048936,-0.087151,-0.546492,0.831477,0.0,3,12922015146873
180,-0.04789,-0.074264,-0.548072,0.83175,0.0,3,12922025157811
181,-0.058449,-0.065398,-0.547866,0.831954,0.0,3,12922035137498
182,-0.055859,-0.056929998,-0.546408,0.833712,0.0,3,12922045149998
183,-0.061166,-0.052053,-0.545513,0.834244,0.0,3,12922055160936
184,-0.048938,-0.049045,-0.545033,0.835546,0.0,3,12922065139061
185,-0.049528,-0.047162,-0.544621,0.835889,0.0,3,12922075151561
186,-0.034583,-0.044157,-0.543956,0.837236,0.0,3,12922085160936
187,-0.034486,-0.04008,-0.542122,0.838634,0.0,3,12922095142186
188,-0.020884,-0.038284,-0.538503,0.841493,0.0,3,12922105153123
189,-0.019464,-0.033485,-0.535417,0.843699,0.0,3,12922115132811
190,-0.005692,-0.034512,-0.530372,0.847043,0.0,3,12922125143748
191,-7.0E-4,-0.032131,-0.527316,0.849061,0.0,3,12922135154686
192,0.016961,-0.038642,-0.523527,0.850962,0.0,3,12922145134373
193,0.024267,-0.042586,-0.520059,0.852722,0.0,3,12922155145311
194,0.041424,-0.045086,-0.51863,0.852803,0.0,3,12922165156248
195,0.049777,-0.048233,-0.514606,0.85462,0.0,3,12922175137498
196,0.065068,-0.04576,-0.515375,0.853264,0.0,3,12922185146873
197,0.075841,-0.047961,-0.510578,0.855136,0.0,3,12922195159373
198,0.079433,-0.039837,-0.516792,0.851486,0.0,3,12922205139061
199,0.089554,-0.039461,-0.513245,0.852644,0.0,3,12922215151561
200,0.085609,-0.029781999,-0.521483,0.848432,0.0,3,12922225160936
201,0.09086,-0.028199,-0.519258,0.849305,0.0,3,12922235140623
202,0.082236,-0.018398,-0.526191,0.84618,0.0,3,12922245151561
203,0.083642,-0.018088,-0.521598,0.848888,0.0,3,12922255131248
204,0.068964,-0.013081,-0.524847,0.848297,0.0,3,12922265142186
205,0.06793,-0.013487,-0.519301,0.85178,0.0,3,12922275154686
206,0.049985,-0.009363,-0.522329,0.851225,0.0,3,12922285134373
207,0.046394,-0.008562,-0.519729,0.853027,0.0,3,12922295143748
208,0.032646,-3.38E-4,-0.52514,0.850389,0.0,3,12922305156248
209,0.029177,0.001304,-0.526875,0.84944,0.0,3,12922315135936
210,0.024422,0.009106,-0.531944,0.84637797,0.0,3,12922325146873
211,0.021915,0.007469,-0.533247,0.845642,0.0,3,12922335159373
212,0.025584,0.0146119995,-0.535366,0.844105,0.0,3,12922345137498
213,0.023616,0.013205,-0.537229,0.843001,0.0,3,12922355148436
214,0.027838,0.022842,-0.539407,0.841274,0.0,3,12922365159373
215,0.026158,0.023463,-0.54004,0.840904,0.0,3,12922375140623
216,0.028407,0.033988,-0.540898,0.83992,0.0,3,12922385149998
217,0.026513,0.034516,-0.540221,0.840396,0.0,3,12922395162498
218,0.026371,0.045547,-0.542194,0.838603,0.0,3,12922405142186
219,0.02584,0.046711,-0.542779,0.838177,0.0,3,12922415153123
220,0.026721,0.057156,-0.544509,0.836378,0.0,3,12922425132811
221,0.027168,0.056536,-0.544542,0.836384,0.0,3,12922435143748
222,0.025927,0.064994,-0.547355,0.833969,0.0,3,12922445156248
223,0.024723,0.061844,-0.548182,0.83370197,0.0,3,12922455135936
224,0.021718,0.066135,-0.550216,0.832115,0.0,3,12922465145311
225,0.01785,0.060445,-0.551151,0.832021,0.0,3,12922475157811
226,0.018918,0.061637,-0.550947,0.832045,0.0,3,12922485137498
227,0.017372,0.056481,-0.553195,0.830953,0.0,3,12922495148436
228,0.023442,0.057437,-0.553665,0.830425,0.0,3,12922505159373
229,0.028083,0.052266,-0.555512,0.829388,0.0,3,12922515139061
230,0.030241,0.043633,-0.556677,0.82903,0.0,3,12922525149998
231,0.036612,0.03625,-0.55907,0.827517,0.0,3,12922535160936
232,0.040584,0.016836,-0.554945,0.830725,0.0,3,12922545140623
233,0.048682,0.014187,-0.558139,0.828196,0.0,3,12922555151561
234,0.060316,6.4E-5,-0.552774,0.831145,0.0,3,12922565131248
235,0.066925,6.17E-4,-0.557286,0.827618,0.0,3,12922575143748
236,0.068173,-0.01044,-0.554805,0.829116,0.0,3,12922585153123
237,0.071382,-0.011044,-0.555528,0.828354,0.0,3,12922595132811
238,0.062331,-0.020583,-0.553928,0.82997197,0.0,3,12922605143748
239,0.065197,-0.021366,-0.554587,0.829292,0.0,3,12922615156248
240,0.057853,-0.028237,-0.555611,0.828945,0.0,3,12922625135936
241,0.061871,-0.027302,-0.560234,0.825568,0.0,3,12922635146873
242,0.059438,-0.035142,-0.564002,0.82287997,0.0,3,12922645157811
243,0.061783,-0.036325,-0.57212,0.817032,0.0,3,12922655137498
244,0.067551,-0.028738,-0.581038,0.810558,0.0,3,12922665149998
245,0.069999,-0.029227,-0.583996,0.808204,0.0,3,12922675160936
246,0.05757,-0.026083,-0.587955,0.80641997,0.0,3,12922685139061
247,0.059642,-0.025828,-0.58612597,0.807608,0.0,3,12922695151561
248,0.043824,-0.026793,-0.585856,0.808785,0.0,3,12922705162498
249,0.040764,-0.025336,-0.585918,0.808947,0.0,3,12922715142186
250,0.020657,-0.02312,-0.588947,0.807576,0.0,3,12922725153123
251,0.013819,-0.022003,-0.591265,0.806058,0.0,3,12922735132811
252,-0.00734,-0.019095,-0.596431,0.802403,0.0,3,12922745143748
253,-0.014682,-0.019311,-0.60199,0.79813397,0.0,3,12922755154686
254,-0.034324,-0.015505,-0.611611,0.790261,0.0,3,12922765135936
255,-0.041677,-0.0154369995,-0.621444,0.782196,0.0,3,12922775145311
256,-0.05745,-0.008817,-0.633072,0.771907,0.0,3,12922785156248
257,-0.065613,-0.009029,-0.642624,0.763313,0.0,3,12922795137498
258,-0.076525,-0.008638,-0.650442,0.755641,0.0,3,12922805148436
259,-0.086713,-0.008969,-0.658469,0.747541,0.0,3,12922815160936
260,-0.083506,-0.010543,-0.659961,0.746569,0.0,3,12922825139061
261,-0.094459,-0.008284,-0.666135,0.739778,0.0,3,12922835149998
262,-0.090927,-0.010235,-0.664169,0.741961,0.0,3,12922845162498
263,-0.10204,-0.006087,-0.66837597,0.736765,0.0,3,12922855140623
264,-0.097273,-0.008737,-0.666239,0.739314,0.0,3,12922865151561
265,-0.103017,-0.003272,-0.670533,0.734684,0.0,3,12922875132811
266,-0.091907,-0.006782,-0.670303,0.736342,0.0,3,12922885142186
267,-0.08902,-0.003236,-0.676062,0.73144,0.0,3,12922895153123
268,-0.070519,-0.010441,-0.676641,0.732853,0.0,3,12922905134373
269,-0.062158,-0.012042,-0.680792,0.729735,0.0,3,12922915143748
270,-0.042987,-0.026104,-0.675159,0.735955,0.0,3,12922925156248
271,-0.036916,-0.030675,-0.671298,0.739631,0.0,3,12922935137498
272,-0.038334,-0.049277,-0.661438,0.747396,0.0,3,12922945146873
273,-0.037033,-0.051349,-0.65552497,0.752514,0.0,3,12922955157811
274,-0.045386,-0.062832,-0.64913,0.756718,0.0,3,12922965137498
275,-0.0449,-0.060904,-0.646786,0.758908,0.0,3,12922975149998
276,-0.051700998,-0.069277,-0.645433,0.758909,0.0,3,12922985160936
277,-0.050679,-0.067006,-0.647251,0.757632,0.0,3,12922995140623
278,-0.050366,-0.078219,-0.646151,0.757517,0.0,3,12923005151561
279,-0.051657,-0.079025,-0.645803,0.757643,0.0,3,12923015162498
280,-0.055381,-0.094239,-0.641334,0.759435,0.0,3,12923025142186
281,-0.060458,-0.097996,-0.638093,0.7613,0.0,3,12923035153123
282,-0.062794,-0.112134,-0.632244,0.764035,0.0,3,12923045132811
283,-0.070498,-0.116353,-0.627159,0.766917,0.0,3,12923055143748
284,-0.07784,-0.129337,-0.618382,0.771243,0.0,3,12923065154686
285,-0.087617,-0.134479,-0.609082,0.776696,0.0,3,12923075134373
286,-0.104469,-0.145436,-0.599204,0.780313,0.0,3,12923085145311
287,-0.112932,-0.146034,-0.593283,0.783539,0.0,3,12923095156248
288,-0.123471,-0.140148,-0.593213,0.783077,0.0,3,12923105137498
289,-0.128705,-0.134856,-0.596557,0.78062,0.0,3,12923115148436
290,-0.126238,-0.124367,-0.60447,0.776667,0.0,3,12923125159373
291,-0.127674,-0.11342,-0.612587,0.771732,0.0,3,12923135139061
292,-0.119961,-0.101325996,-0.62486297,0.76478,0.0,3,12923145149998
293,-0.124809,-0.107181996,-0.62713,0.761341,0.0,3,12923155160936
294,-0.121195,-0.108777,-0.62829,0.760743,0.0,3,12923165140623
295,-0.132997,-0.119675,-0.620304,0.763683,0.0,3,12923175153123
296,-0.119614996,-0.109339,-0.622566,0.765602,0.0,3,12923185132811
297,-0.117972,-0.101465,-0.622359,0.767108,0.0,3,12923195143748
298,-0.100061,-0.091949,-0.622346,0.770855,0.0,3,12923205154686
299,-0.092287,-0.091176,-0.615983,0.777003,0.0,3,12923215132811
300,-0.07414,-0.094483,-0.608531,0.784389,0.0,3,12923225145311
301,-0.064155,-0.099591,-0.60003,0.791157,0.0,3,12923235156248
302,-0.051291,-0.111173,-0.592269,0.796383,0.0,3,12923245135936
303,-0.042097,-0.113741,-0.587262,0.800258,0.0,3,12923255146873
304,-0.025698,-0.119770996,-0.582739,0.803373,0.0,3,12923265157811
305,-0.016428,-0.12019,-0.578525,0.806593,0.0,3,12923275137498
306,-0.00565,-0.127659,-0.573564,0.809132,0.0,3,12923285148436
307,0.00682,-0.128827,-0.569611,0.811726,0.0,3,12923295160936
308,0.017239999,-0.131708,-0.568691,0.811754,0.0,3,12923305140623
309,0.028242,-0.13207,-0.565632,0.813523,0.0,3,12923315151561
310,0.035607,-0.124966,-0.568945,0.812044,0.0,3,12923325162498
311,0.041479,-0.121166,-0.566691,0.813916,0.0,3,12923335142186
312,0.045232,-0.109523,-0.570548,0.81267,0.0,3,12923345153123
313,0.049437,-0.106107,-0.566656,0.815596,0.0,3,12923355132811
314,0.047561,-0.093018,-0.572527,0.813202,0.0,3,12923365143748
315,0.05642,-0.087904,-0.57151,0.813919,0.0,3,12923375154686
316,0.061143998,-0.068661,-0.582423,0.807669,0.0,3,12923385135936
317,0.067529,-0.062163,-0.583192,0.807131,0.0,3,12923395145311
318,0.064937,-0.043688,-0.592795,0.80154,0.0,3,12923405157811
319,0.065804,-0.039079,-0.590544,0.803368,0.0,3,12923415137498
320,0.057935,-0.023057,-0.595881,0.800648,0.0,3,12923425148436
321,0.054004,-0.021395,-0.590098,0.805238,0.0,3,12923435159373
322,0.041475,-0.0084,-0.591061,0.805515,0.0,3,12923445139061
323,0.038045,-0.004983,-0.587959,0.807979,0.0,3,12923455151561
324,0.032957,0.008802,-0.59115,0.805839,0.0,3,12923465160936
325,0.032303,0.00925,-0.590328,0.806463,0.0,3,12923475140623
326,0.032713,0.019788,-0.591811,0.805169,0.0,3,12923485153123
327,0.030319,0.015497,-0.589138,0.807314,0.0,3,12923495131248
328,0.032251,0.022718,-0.584787,0.810226,0.0,3,12923505142186
329,0.027452,0.017554,-0.579353,0.814425,0.0,3,12923515154686
330,0.03089,0.023464,-0.569979,0.820742,0.0,3,12923525134373
331,0.02564,0.02228,-0.56305,0.825723,0.0,3,12923535145311
332,0.026407,0.024987,-0.553485,0.832064,0.0,3,12923545156248
333,0.02701,0.026334,-0.547686,0.835832,0.0,3,12923555135936
334,0.023402,0.023173,-0.543091,0.839027,0.0,3,12923565146873
335,0.031983,0.023083,-0.540178,0.840625,0.0,3,12923575159373
336,0.028263,0.011128,-0.537248,0.842876,0.0,3,12923585139061
337,0.035869,0.008712,-0.539206,0.841364,0.0,3,12923595149998
338,0.029765,-0.002733,-0.541423,0.840218,0.0,3,12923605159373
339,0.031407,-0.00255,-0.548107,0.835814,0.0,3,12923615140623
340,0.033398,0.002779,-0.554292,0.831647,0.0,3,12923625151561
341,0.031764,0.005261,-0.559504,0.828202,0.0,3,12923635162498
342,0.035829,0.012857,-0.562335,0.826032,0.0,3,12923645142186
343,0.038043,0.017229,-0.56442,0.82443,0.0,3,12923655154686
344,0.031703,0.017462,-0.56536,0.824049,0.0,3,12923665132811
345,0.040032,0.022099,-0.565311,0.823609,0.0,3,12923675143748
346,0.036332,0.021677,-0.568136,0.821846,0.0,3,12923685156248
347,0.046361,0.023555,-0.572863,0.817999,0.0,3,12923695134373
348,0.040832,0.023064,-0.585908,0.80901897,0.0,3,12923705145311
349,0.04283,0.019943,-0.594666,0.802582,0.0,3,12923715157811
350,0.034997,0.025737999,-0.605458,0.79469,0.0,3,12923725137498
351,0.035626,0.021982,-0.608533,0.792423,0.0,3,12923735148436
352,0.01976,0.018625,-0.61123997,0.790979,0.0,3,12923745159373
353,0.016875,0.018282,-0.613066,0.789639,0.0,3,12923755139061
354,-0.002075,0.016177,-0.616361,0.787294,0.0,3,12923765151561
355,-0.011786,0.016898,-0.619508,0.784719,0.0,3,12923775162498
356,-0.031197,0.015719,-0.622763,0.78163,0.0,3,12923785142186
357,-0.043256998,0.012715,-0.62629,0.778284,0.0,3,12923795153123
358,-0.049914,0.010918,-0.628249,0.776332,0.0,3,12923805132811
359,-0.05869,0.008618,-0.633653,0.771339,0.0,3,12923815143748
360,-0.055206,0.005987,-0.635332,0.770239,0.0,3,12923825156248
361,-0.059521,0.006174,-0.642512,0.76393497,0.0,3,12923835134373
362,-0.058624,0.00184,-0.646638,0.760538,0.0,3,12923845145311
363,-0.05976,2.53E-4,-0.653231,0.75479597,0.0,3,12923855156248
364,-0.059816,-0.017856,-0.652417,0.755284,0.0,3,12923865135936
365,-0.061979,-0.01984,-0.657524,0.750617,0.0,3,12923875146873
366,-0.059487,-0.0343,-0.654612,0.75283897,0.0,3,12923885157811
367,-0.06595,-0.029990999,-0.658353,0.749214,0.0,3,12923895139061
368,-0.072639,-0.034953,-0.657966,0.748719,0.0,3,12923905149998
369,-0.078377,-0.028344,-0.662296,0.744591,0.0,3,12923915160936
370,-0.075899,-0.034159,-0.662945,0.744026,0.0,3,12923925140623
371,-0.079807,-0.032047,-0.667349,0.739762,0.0,3,12923935151561
372,-0.073832996,-0.042842,-0.666375,0.740714,0.0,3,12923945164061
373,-0.076216,-0.042678,-0.667472,0.739493,0.0,3,12923955143748
374,-0.070925,-0.055386,-0.664647,0.741717,0.0,3,12923965153123
375,-0.065174,-0.053284,-0.667447,0.739883,0.0,3,12923975132811
376,-0.058506,-0.065467,-0.669701,0.737422,0.0,3,12923985143748
377,-0.051807,-0.069262,-0.67487,0.732849,0.0,3,12923995154686
378,-0.043263,-0.089823,-0.674424,0.731581,0.0,3,12924005135936
379,-0.050248,-0.09895,-0.670616,0.733455,0.0,3,12924015146873
380,-0.056794,-0.120715,-0.65944,0.739825,0.0,3,12924025157811
381,-0.070157,-0.124193996,-0.649739,0.746654,0.0,3,12924035137498
382,-0.078511,-0.135398,-0.640888,0.751508,0.0,3,12924045148436
383,-0.083598,-0.134765,-0.63836,0.753223,0.0,3,12924055159373
384,-0.079345,-0.142483,-0.638216,0.752384,0.0,3,12924065139061
385,-0.071022,-0.144684,-0.640387,0.75095,0.0,3,12924075151561
386,-0.068764,-0.153315,-0.644205,0.746167,0.0,3,12924085162498
387,-0.063732,-0.161162,-0.645537,0.743805,0.0,3,12924095142186
388,-0.068787,-0.149879,-0.655235,0.737204,0.0,3,12924105151561
389,-0.084282,-0.155198,-0.647442,0.741369,0.0,3,12924115132811
390,-0.097165,-0.144798,-0.644153,0.744754,0.0,3,12924125142186
391,-0.112195,-0.141256,-0.638819,0.747909,0.0,3,12924135154686
392,-0.106903,-0.129888,-0.641769,0.748219,0.0,3,12924145134373
393,-0.108843,-0.121603,-0.647205,0.744641,0.0,3,12924155145311
394,-0.093197,-0.111148,-0.655686,0.740969,0.0,3,12924165156248
395,-0.092089,-0.108587,-0.657283,0.740072,0.0,3,12924175135936
396,-0.079495996,-0.103356,-0.657259,0.742298,0.0,3,12924185146873
397,-0.085723,-0.099161,-0.65104,0.747639,0.0,3,12924195159373
398,-0.080122,-0.09287,-0.642185,0.756672,0.0,3,12924205139061
399,-0.087132,-0.086503,-0.630765,0.766198,0.0,3,12924215148436
400,-0.077102,-0.082527,-0.621589,0.775158,0.0,3,12924225160936
401,-0.065135,-0.08567,-0.612027,0.783479,0.0,3,12924235140623
402,-0.03823,-0.08746,-0.60687,0.789048,0.0,3,12924245151561
403,-0.018417,-0.093375,-0.598427,0.795504,0.0,3,12924255132811
404,-0.004808,-0.079751,-0.606396,0.791138,0.0,3,12924265142186
405,0.008096,-0.082184,-0.597743,0.797422,0.0,3,12924275154686
406,-2.18E-4,-0.073376,-0.600197,0.796479,0.0,3,12924285132811
407,0.002589,-0.072481,-0.591563,0.802989,0.0,3,12924295143748
408,-0.009169,-0.065191,-0.591892,0.803323,0.0,3,12924305156248
409,-0.00786,-0.062631,-0.587339,0.806875,0.0,3,12924315135936
410,-0.012912,-0.049509,-0.591022,0.805031,0.0,3,12924325146873
411,-0.011207,-0.046796,-0.588146,0.807321,0.0,3,12924335157811
412,-0.017316,-0.03631,-0.590711,0.805879,0.0,3,12924345137498
413,-0.015528,-0.036938,-0.587646,0.808125,0.0,3,12924355148436
414,-0.013112,-0.025466999,-0.591259,0.805972,0.0,3,12924365159373
415,-0.010786,-0.02724,-0.591874,0.805497,0.0,3,12924375140623
416,-0.003512,-0.016113,-0.593925,0.804351,0.0,3,12924385149998
417,3.16E-4,-0.017743,-0.59264797,0.805265,0.0,3,12924395162498
418,0.008665,-0.006336,-0.590714,0.806809,0.0,3,12924405140623
419,0.012429,-0.009186,-0.583265,0.812134,0.0,3,12924415153123
420,0.008432,0.003009,-0.57903,0.815256,0.0,3,12924425132811
421,0.009731,0.001676,-0.567348,0.823418,0.0,3,12924435143748
422,-0.004356,0.006502,-0.561958,0.827128,0.0,3,12924445154686
423,-0.002571,0.005326,-0.553319,0.83294797,0.0,3,12924455134373
424,-0.014019,0.007345,-0.551439,0.834064,0.0,3,12924465145311
425,-0.009328,0.007221,-0.54981,0.835206,0.0,3,12924475157811
426,-0.01837,0.008736,-0.553005,0.832929,0.0,3,12924485137498
427,-0.013477,0.006722,-0.556064,0.831002,0.0,3,12924495148436
428,-0.01788,0.012852,-0.562453,0.826535,0.0,3,12924505159373
429,-0.014329,0.013498,-0.56592,0.824224,0.0,3,12924515139061
430,-0.014688,0.015784,-0.568153,0.82264,0.0,3,12924525149998
431,-0.012006,0.020523,-0.571242,0.820436,0.0,3,12924535160936
432,-0.006229,0.022346,-0.567934,0.822746,0.0,3,12924545140623
433,-0.006264,0.027532,-0.567788,0.82269,0.0,3,12924555151561
434,-0.01276,0.021991,-0.561643,0.826988,0.0,3,12924565131248
435,-0.01178,0.022457,-0.560211,0.827961,0.0,3,12924575142186
436,-0.016443,0.013224,-0.558661,0.829127,0.0,3,12924585153123
437,-0.013579,0.013255,-0.564655,0.825108,0.0,3,12924595132811
438,-0.006947,0.007638,-0.568763,0.822436,0.0,3,12924605143748
439,-0.001947,0.008378,-0.576374,0.81714,0.0,3,12924615156248
440,-0.005867,0.004826,-0.581886,0.813234,0.0,3,12924625134373
441,-0.001361,0.003215,-0.58590597,0.810371,0.0,3,12924635146873
442,-0.007092,-0.00297,-0.589453,0.807765,0.0,3,12924645157811
443,-0.00458,-0.002466,-0.595901,0.80304,0.0,3,12924655137498
444,-0.007101,-0.003872,-0.60277,0.797873,0.0,3,12924665148436
445,-0.006758,-0.003548,-0.610781,0.791762,0.0,3,12924675159373
446,-0.006552,-0.007101,-0.616805,0.78705597,0.0,3,12924685139061
447,-0.007863,-0.012223,-0.622418,0.782549,0.0,3,12924695149998
448,-0.017195,-0.017558,-0.627172,0.778492,0.0,3,12924705162498
449,-0.016773,-0.02411,-0.629214,0.776676,0.0,3,12924715140623
450,-0.027567,-0.029459,-0.631349,0.774448,0.0,3,12924725153123
451,-0.027145,-0.03241,-0.634698,0.771602,0.0,3,12924735132811
452,-0.038741,-0.03559,-0.639228,0.767215,0.0,3,12924745143748
453,-0.044274,-0.037435,-0.645601,0.76147,0.0,3,12924755154686
454,-0.055085,-0.035469,-0.652435,0.755006,0.0,3,12924765134373
455,-0.058746,-0.03812,-0.658023,0.749733,0.0,3,12924775145311
456,-0.063952,-0.033173,-0.663873,0.744366,0.0,3,12924785156248
457,-0.067483,-0.032969,-0.669487,0.739016,0.0,3,12924795135936
458,-0.070408,-0.02911,-0.674021,0.734772,0.0,3,12924805146873
459,-0.077607,-0.027782,-0.679268,0.729245,0.0,3,12924815159373
460,-0.080576,-0.027321,-0.680888,0.727427,0.0,3,12924825139061
461,-0.088348,-0.02782,-0.683509,0.724041,0.0,3,12924835149998
462,-0.093296,-0.033978,-0.683182,0.723465,0.0,3,12924845160936
463,-0.098116,-0.035818,-0.684688,0.721312,0.0,3,12924855140623
464,-0.105436,-0.04304,-0.684528,0.720035,0.0,3,12924865151561
465,-0.107805,-0.0398,-0.687964,0.716588,0.0,3,12924875131248
466,-0.108147,-0.042382,-0.690088,0.714343,0.0,3,12924885142186
467,-0.108025,-0.034827,-0.696745,0.708281,0.0,3,12924895154686
468,-0.101351,-0.038362,-0.700085,0.705787,0.0,3,12924905134373
469,-0.103321,-0.035339,-0.705944,0.699798,0.0,3,12924915145311
470,-0.099006,-0.046496,-0.703987,0.701738,0.0,3,12924925154686
471,-0.105301,-0.046143,-0.704543,0.700286,0.0,3,12924935135936
472,-0.10351,-0.055657,-0.700604,0.70380497,0.0,3,12924945146873
473,-0.106862,-0.052907,-0.701037,0.703084,0.0,3,12924955157811
474,-0.10025,-0.059797,-0.699229,0.705302,0.0,3,12924965137498
475,-0.09869,-0.058254,-0.70047,0.70442,0.0,3,12924975149998
476,-0.093366,-0.071874,-0.697937,0.706398,0.0,3,12924985159373
477,-0.090143,-0.073988,-0.698506,0.706037,0.0,3,12924995139061
478,-0.086313,-0.092003,-0.695102,0.70775497,0.0,3,12925005149998
479,-0.088159,-0.092985,-0.695613,0.706896,0.0,3,12925015160936
480,-0.087935,-0.102169,-0.694944,0.706315,0.0,3,12925025142186
481,-0.089238,-0.102293,-0.697195,0.703911,0.0,3,12925035153123
482,-0.084398,-0.113656,-0.698101,0.701863,0.0,3,12925045132811
483,-0.087293,-0.122004,-0.697363,0.700841,0.0,3,12925055143748
484,-0.080103,-0.137844,-0.693185,0.702905,0.0,3,12925065154686
485,-0.089232996,-0.145359,-0.685563,0.70775,0.0,3,12925075134373
486,-0.087233,-0.15909,-0.67719,0.713087,0.0,3,12925085145311
487,-0.0933,-0.160087,-0.671402,0.717555,0.0,3,12925095157811
488,-0.093231,-0.167323,-0.666541,0.720439,0.0,3,12925105137498
489,-0.090475,-0.16542,-0.666089,0.721647,0.0,3,12925115146873
490,-0.078343,-0.165693,-0.670685,0.718741,0.0,3,12925125159373
491,-0.07375,-0.168756,-0.673235,0.716126,0.0,3,12925135139061
492,-0.061864,-0.166778,-0.680022,0.711285,0.0,3,12925145149998
493,-0.067064,-0.170582,-0.67451197,0.715147,0.0,3,12925155160936
494,-0.062218,-0.17175,-0.67094,0.718657,0.0,3,12925165140623
495,-0.072032,-0.169188,-0.665001,0.72385,0.0,3,12925175151561
496,-0.065128,-0.163266,-0.665254,0.72563,0.0,3,12925185131248
497,-0.066095,-0.157243,-0.66427,0.727771,0.0,3,12925195142186
498,-0.048132,-0.151204,-0.668205,0.726857,0.0,3,12925205153123
499,-0.040304,-0.148958,-0.665989,0.729825,0.0,3,12925215134373
500,-0.020015,-0.145906,-0.667712,0.729705,0.0,3,12925225143748
501,-0.018182,-0.145358,-0.659799,0.737024,0.0,3,12925235156248
502,-0.009335,-0.140926,-0.653178,0.743915,0.0,3,12925245135936
503,-0.014015,-0.138264,-0.63833,0.757113,0.0,3,12925255146873
504,-0.007786,-0.133243,-0.628582,0.766205,0.0,3,12925265157811
505,-0.008019,-0.132855,-0.613873,0.778103,0.0,3,12925275137498
506,-0.002691,-0.12591,-0.612526,0.780353,0.0,3,12925285148436
507,0.00999,-0.127837,-0.604309,0.786363,0.0,3,12925295159373
508,0.00498,-0.122045,-0.611859,0.781477,0.0,3,12925305139061
509,0.018047,-0.121111,-0.607643,0.784714,0.0,3,12925315151561
510,0.007143,-0.111085,-0.617932,0.778311,0.0,3,12925325162498
511,0.00615,-0.10495,-0.618897,0.778404,0.0,3,12925335142186
512,-0.001178,-0.08598,-0.625938,0.775117,0.0,3,12925345153123
513,-0.012027,-0.079918,-0.622205,0.778671,0.0,3,12925355132811
514,-0.019577,-0.066733,-0.622223,0.77974397,0.0,3,12925365143748
515,-0.022344,-0.065824,-0.618275,0.782881,0.0,3,12925375154686
516,-0.015886,-0.058205,-0.618328,0.7836,0.0,3,12925385134373
517,-0.010183,-0.060551,-0.614534,0.786497,0.0,3,12925395145311
518,-0.014198,-0.052316,-0.619503,0.783119,0.0,3,12925405157811
519,-0.003324,-0.054282,-0.615622,0.786162,0.0,3,12925415137498
520,-0.010636,-0.049478,-0.620928,0.782231,0.0,3,12925425148436
521,-0.006958,-0.049109,-0.620657,0.782511,0.0,3,12925435159373
522,-0.010579,-0.040902,-0.624088,0.78021,0.0,3,12925445139061
523,-0.012829,-0.038351,-0.623587,0.780707,0.0,3,12925455151561
524,-0.021191,-0.032325,-0.626957,0.778094,0.0,3,12925465160936
525,-0.018494,-0.032398,-0.62739,0.77781,0.0,3,12925475140623
526,-0.01374,-0.022815,-0.632706,0.773933,0.0,3,12925485153123
527,-0.008201,-0.022631,-0.636482,0.770915,0.0,3,12925495132811
528,0.00299,-0.011566,-0.638374,0.769632,0.0,3,12925505142186
529,0.005276,-0.008816,-0.639599,0.76863897,0.0,3,12925515154686
530,0.007157,0.001402,-0.638756,0.769374,0.0,3,12925525132811
531,0.005483,0.0045249998,-0.635862,0.771769,0.0,3,12925535143748
532,0.003458,0.0107309995,-0.631969,0.77491,0.0,3,12925545156248
533,0.001461,0.013845,-0.628885,0.777372,0.0,3,12925555135936
534,-0.001226,0.016509,-0.626791,0.779011,0.0,3,12925565146873
535,9.84E-4,0.017524,-0.624508,0.78082,0.0,3,12925575157811
536,-0.002661,0.018694,-0.625572,0.77993697,0.0,3,12925585137498
537,8.71E-4,0.018643,-0.624864,0.78051,0.0,3,12925595149998
538,0.001612,0.023277,-0.626687,0.778921,0.0,3,12925605159373
539,0.004047,0.024744,-0.627255,0.778409,0.0,3,12925615140623
540,0.010492,0.030303,-0.625876,0.779262,0.0,3,12925625149998
541,0.012071,0.033385,-0.626201,0.778852,0.0,3,12925635162498
542,0.018333,0.036319,-0.622941,0.781209,0.0,3,12925645142186
543,0.020483,0.037852,-0.621826,0.781971,0.0,3,12925655153123
544,0.025849,0.040099,-0.618622,0.784238,0.0,3,12925665132811
545,0.027945,0.040451,-0.616628,0.785717,0.0,3,12925675143748
546,0.028257,0.042608,-0.614661,0.787132,0.0,3,12925685154686
547,0.030852,0.044403,-0.611312,0.78954,0.0,3,12925695179686
548,0.026761,0.045453,-0.609263,0.791211,0.0,3,12925705145311
549,0.028618,0.047694,-0.606245,0.79333,0.0,3,12925715157811
550,0.02445,0.044648,-0.603363,0.79584,0.0,3,12925725137498
551,0.024113,0.044901,-0.602684,0.79635,0.0,3,12925735148436
552,0.023319,0.041435,-0.60195297,0.797114,0.0,3,12925745159373
553,0.023709,0.039674,-0.603222,0.796232,0.0,3,12925755139061
554,0.019187,0.03768,-0.605647,0.794609,0.0,3,12925765149998
555,0.021321,0.036054,-0.605026,0.795103,0.0,3,12925775160936
556,0.014429,0.032253,-0.605025,0.795422,0.0,3,12925785140623
557,0.014502,0.030559,-0.602776,0.797192,0.0,3,12925795153123
558,0.006706,0.022904,-0.60083,0.79902,0.0,3,12925805132811
559,0.004774,0.020031,-0.600567,0.799309,0.0,3,12925815143748
560,5.67E-4,0.013138,-0.600525,0.799497,0.0,3,12925825154686
561,1.77E-4,0.009675,-0.601456,0.798846,0.0,3,12925835134373
562,-0.004491,0.006782,-0.603521,0.797304,0.0,3,12925845145311
563,-0.005091,0.003468,-0.60367,0.797209,0.0,3,12925855156248
564,-0.013341,0.0021249999,-0.605494,0.795734,0.0,3,12925865135936
565,-0.01477,0.0018,-0.606236,0.795144,0.0,3,12925875146873
566,-0.022157,-9.51E-4,-0.607732,0.793832,0.0,3,12925885157811
567,-0.024173,-0.00258,-0.609124,0.792701,0.0,3,12925895137498
568,-0.033689,-0.007107,-0.61109,0.790811,0.0,3,12925905149998
569,-0.036233,-0.011276,-0.611948,0.789986,0.0,3,12925915160936
570,-0.0503,-0.01618,-0.613124,0.788217,0.0,3,12925925140623
571,-0.054093,-0.018569,-0.613814,0.787375,0.0,3,12925935151561
572,-0.069439,-0.021633,-0.615061,0.785117,0.0,3,12925945162498
573,-0.073699,-0.021832,-0.61771,0.78264,0.0,3,12925955142186
574,-0.086246,-0.02476,-0.621038,0.778626,0.0,3,12925965153123
575,-0.087622,-0.024121,-0.62726897,0.773481,0.0,3,12925975132811
576,-0.095265,-0.027232,-0.634789,0.766306,0.0,3,12925985143748
577,-0.094575,-0.02778,-0.644464,0.758254,0.0,3,12925995154686
578,-0.09071,-0.028505,-0.653373,0.75104,0.0,3,12926005134373
579,-0.090499,-0.027535,-0.662465,0.743095,0.0,3,12926015145311
580,-0.087280996,-0.029568,-0.668836,0.737675,0.0,3,12926025157811
581,-0.089425,-0.025711,-0.676392,0.73064,0.0,3,12926035135936
582,-0.084815,-0.027598,-0.68032,0.727467,0.0,3,12926045148436
583,-0.088796,-0.022126,-0.68689,0.720976,0.0,3,12926055160936
584,-0.08293,-0.024479,-0.689354,0.719244,0.0,3,12926065139061
585,-0.084455,-0.021918999,-0.694408,0.714271,0.0,3,12926075149998
586,-0.075841,-0.030426,-0.695145,0.714209,0.0,3,12926085160936
587,-0.072949,-0.031007,-0.699429,0.710292,0.0,3,12926095140623
588,-0.061189,-0.043163,-0.700256,0.709953,0.0,3,12926105151561
589,-0.058778,-0.043373,-0.705177,0.705257,0.0,3,12926115132811
590,-0.048376,-0.052374,-0.706535,0.704077,0.0,3,12926125143748
591,-0.046501,-0.051152,-0.710487,0.700305,0.0,3,12926135154686
592,-0.041595,-0.059035,-0.71295,0.69748497,0.0,3,12926145132811
593,-0.035757,-0.059409,-0.717518,0.693079,0.0,3,12926155145311
594,-0.029477,-0.071571,-0.720753,0.688855,0.0,3,12926165156248
595,-0.028169,-0.075931,-0.724645,0.684345,0.0,3,12926175137498
596,-0.016158,-0.088551,-0.723076,0.684877,0.0,3,12926185146873
597,-0.023373,-0.092206,-0.720734,0.686653,0.0,3,12926195159373
598,-0.030756,-0.108657,-0.712483,0.692542,0.0,3,12926205137498
599,-0.039137,-0.105736,-0.708417,0.69673,0.0,3,12926215149998
600,-0.044949,-0.110309,-0.704687,0.699447,0.0,3,12926225160936
601,-0.045056,-0.102142,-0.706651,0.698699,0.0,3,12926235139061
602,-0.0408,-0.103197,-0.711057,0.694322,0.0,3,12926245151561
603,-0.029911,-0.09939,-0.718894,0.687326,0.0,3,12926255162498
604,-0.015001,-0.109946,-0.726893,0.677725,0.0,3,12926265142186
605,-0.005357,-0.117723,-0.733547,0.669343,0.0,3,12926275153123
606,0.009574,-0.135953,-0.73680097,0.66223,0.0,3,12926285132811
607,0.004103,-0.14662,-0.735152,0.661843,0.0,3,12926295145311
608,0.001869,-0.166766,-0.728588,0.664338,0.0,3,12926305154686
609,-0.014187,-0.173762,-0.72048,0.671202,0.0,3,12926315134373
610,-0.020498,-0.185618,-0.714318,0.674443,0.0,3,12926325145311
611,-0.027083,-0.184788,-0.712528,0.67633,0.0,3,12926335157811
612,-0.016821,-0.18597,-0.717221,0.67136,0.0,3,12926345137498
613,-0.017693,-0.184725,-0.71862197,0.670183,0.0,3,12926355148436
614,-0.005502,-0.183588,-0.725922,0.662798,0.0,3,12926365159373
615,-0.009444,-0.184656,-0.723566,0.665029,0.0,3,12926375139061
616,-0.003273,-0.183225,-0.724999,0.663922,0.0,3,12926385151561
617,-0.013097,-0.181998,-0.714754,0.675153,0.0,3,12926395160936
618,-0.007332,-0.178132,-0.7085,0.682819,0.0,3,12926405140623
619,-0.009034,-0.173526,-0.697385,0.695312,0.0,3,12926415153123
620,0.007842,-0.164276,-0.69587,0.699082,0.0,3,12926425132811
621,0.021146,-0.161308,-0.686496,0.708699,0.0,3,12926435142186
622,0.025967,-0.142221,-0.697151,0.702195,0.0,3,12926445154686
623,0.040652,-0.138558,-0.689089,0.710144,0.0,3,12926455134373
624,0.030866,-0.121099,-0.6978,0.705306,0.0,3,12926465145311
625,0.025825,-0.114722,-0.689688,0.714493,0.0,3,12926475156248
626,0.003372,-0.095421,-0.690325,0.71717,0.0,3,12926485135936
627,-0.01061,-0.087884,-0.681117,0.726803,0.0,3,12926495146873
628,-0.028683,-0.070831,-0.680334,0.728906,0.0,3,12926505157811
629,-0.031803,-0.064135,-0.675517,0.73386,0.0,3,12926515139061
630,-0.030601,-0.048004,-0.679404,0.731552,0.0,3,12926525149998
631,-0.023524,-0.044717,-0.679522,0.731912,0.0,3,12926535160936
632,-0.014276,-0.032401,-0.683285,0.729291,0.0,3,12926545140623
633,-0.007366,-0.031192,-0.681242,0.731356,0.0,3,12926555151561
634,-6.51E-4,-0.020372,-0.682074,0.730998,0.0,3,12926565162498
635,0.003733,-0.019679,-0.6784,0.734419,0.0,3,12926575142186
636,-3.4199998E-4,-0.0098749995,-0.680492,0.732688,0.0,3,12926585153123
637,0.004613,-0.010303,-0.67497,0.737758,0.0,3,12926595134373
638,-0.006305,-0.004027,-0.678077,0.734952,0.0,3,12926605143748
639,-0.005608,-0.002843,-0.675251,0.737561,0.0,3,12926615154686
640,-0.008844,0.007471,-0.676134,0.736687,0.0,3,12926625134373
641,-0.011225,0.0117,-0.674305,0.738274,0.0,3,12926635145311
642,-0.014441,0.018748,-0.673361,0.738934,0.0,3,12926645157811
643,-0.013349,0.019806,-0.670475,0.741546,0.0,3,12926655137498
644,-0.01826,0.0232,-0.672281,0.739706,0.0,3,12926665148436
645,-0.014322,0.021506,-0.67133,0.740707,0.0,3,12926675159373
646,-0.012533,0.027103,-0.672415,0.739571,0.0,3,12926685139061
647,-0.011473,0.026468,-0.671812,0.740159,0.0,3,12926695149998
648,-0.007151,0.032965,-0.668505,0.742942,0.0,3,12926705160936
649,-0.008377,0.032964,-0.666617,0.744623,0.0,3,12926715140623
650,-0.003919,0.038289,-0.662137,0.748393,0.0,3,12926725151561
651,-0.003238,0.039571,-0.659602,0.750565,0.0,3,12926735131248
652,-0.002774,0.041242,-0.65671897,0.753001,0.0,3,12926745143748
653,-2.32E-4,0.041127,-0.653317,0.755966,0.0,3,12926755154686
654,-0.0058999998,0.038889,-0.653068,0.756277,0.0,3,12926765134373
655,-0.001833,0.035809,-0.651632,0.757686,0.0,3,12926775145311
656,0.002127,0.038342,-0.65234697,0.756946,0.0,3,12926785156248
657,0.004864,0.036586,-0.653502,0.756024,0.0,3,12926795135936
658,0.0122609995,0.040636,-0.651782,0.757217,0.0,3,12926805146873
659,0.012813,0.041535,-0.65302,0.756092,0.0,3,12926815159373
660,0.019273,0.044687,-0.650453,0.757985,0.0,3,12926825139061
661,0.021324,0.045012,-0.649822,0.758452,0.0,3,12926835149998
662,0.01383,0.046277,-0.650559,0.757918,0.0,3,12926845160936
663,0.016608,0.047061,-0.647754,0.760212,0.0,3,12926855140623
664,0.007412,0.046262998,-0.647125,0.760942,0.0,3,12926865151561
665,0.006462,0.048812,-0.645704,0.761998,0.0,3,12926875162498
666,-0.002864,0.045273,-0.645046,0.762795,0.0,3,12926885142186
667,-0.004015,0.04514,-0.644964,0.762867,0.0,3,12926895154686
668,-0.012742,0.041432,-0.646378,0.761784,0.0,3,12926905132811
669,-0.0123499995,0.039663,-0.646766,0.761555,0.0,3,12926915143748
670,-0.018913,0.037662,-0.648935,0.759675,0.0,3,12926925154686
671,-0.017486,0.038474,-0.650258,0.758536,0.0,3,12926935134373
672,-0.022811,0.035569,-0.651992,0.757046,0.0,3,12926945146873
673,-0.02141,0.037061,-0.65376,0.75549,0.0,3,12926955157811
674,-0.029591,0.034424,-0.656058,0.753343,0.0,3,12926965137498
675,-0.029175,0.033205,-0.657363,0.752276,0.0,3,12926975148436
676,-0.039079,0.029449,-0.659247,0.750332,0.0,3,12926985159373
677,-0.042295,0.027934,-0.659737,0.749785,0.0,3,12926995139061
678,-0.050047,0.023643,-0.659082,0.750031,0.0,3,12927005151561
679,-0.056061998,0.025385,-0.659327,0.749333,0.0,3,12927015162498
680,-0.06335,0.021399,-0.657736,0.750273,0.0,3,12927025142186
681,-0.069348,0.023907,-0.658879,0.748663,0.0,3,12927035151561
682,-0.07418,0.01925,-0.658981,0.748244,0.0,3,12927045132811
683,-0.076435,0.018334,-0.661663,0.745669,0.0,3,12927055143748
684,-0.076868,0.009828,-0.66282797,0.74475,0.0,3,12927065154686
685,-0.075993,0.00632,-0.665304,0.742667,0.0,3,12927075134373
686,-0.074839,-0.004732,-0.665377,0.742731,0.0,3,12927085145311
687,-0.074451,-0.007639,-0.667619,0.740731,0.0,3,12927095157811
688,-0.071249,-0.018342,-0.667313,0.741134,0.0,3,12927105135936
689,-0.071851,-0.020302,-0.670846,0.737828,0.0,3,12927115146873
690,-0.066301,-0.030385999,-0.671979,0.736969,0.0,3,12927125159373
691,-0.066542,-0.033194,-0.676458,0.732716,0.0,3,12927135139061
692,-0.0541,-0.040112,-0.67714,0.732765,0.0,3,12927145149998
693,-0.05376,-0.04136,-0.680654,0.729458,0.0,3,12927155160936
694,-0.042982,-0.046392,-0.680204,0.73028797,0.0,3,12927165140623
695,-0.043935,-0.046568,-0.681667,0.728855,0.0,3,12927175153123
696,-0.037092,-0.051309,-0.679918,0.730549,0.0,3,12927185131248
697,-0.039716,-0.049945,-0.680229,0.730216,0.0,3,12927195142186
698,-0.034116,-0.057109,-0.676736,0.733213,0.0,3,12927205153123
699,-0.036759,-0.054323,-0.67679,0.733247,0.0,3,12927215134373
700,-0.030867,-0.056046,-0.675203,0.734851,0.0,3,12927225143748
701,-0.034039,-0.051867,-0.675791,0.734477,0.0,3,12927235156248
702,-0.032684,-0.051352,-0.675633,0.734719,0.0,3,12927245135936
703,-0.036722,-0.048398,-0.675615,0.734746,0.0,3,12927255146873
704,-0.036165,-0.049519,-0.675499,0.734806,0.0,3,12927265157811
705,-0.040363,-0.048369,-0.675622,0.734551,0.0,3,12927275137498
706,-0.039753,-0.05132,-0.675223,0.734751,0.0,3,12927285148436
707,-0.04306,-0.049004,-0.675356,0.7346,0.0,3,12927295160936
708,-0.042965,-0.049826,-0.675999,0.733958,0.0,3,12927305139061
709,-0.044865,-0.04825,-0.677012,0.733016,0.0,3,12927315149998
710,-0.041198,-0.049136,-0.678981,0.73135,0.0,3,12927325162498
711,-0.041378,-0.050131,-0.68061,0.729755,0.0,3,12927335142186
712,-0.033156,-0.052738998,-0.68237,0.728346,0.0,3,12927345153123
713,-0.031865,-0.056295,-0.682267,0.728235,0.0,3,12927355132811
714,-0.024487,-0.061449,-0.68132,0.728989,0.0,3,12927365143748
715,-0.022788,-0.063796,-0.67778,0.732137,0.0,3,12927375154686
716,-0.018249,-0.069413,-0.674342,0.734922,0.0,3,12927385134373
717,-0.016568,-0.068738,-0.671723,0.737419,0.0,3,12927395145311
718,-0.012994,-0.066987,-0.670536,0.738731,0.0,3,12927405156248
719,-0.013755,-0.062712,-0.669322,0.740192,0.0,3,12927415135936
720,-0.011576,-0.057119,-0.669774,0.740273,0.0,3,12927425146873
721,-0.012995,-0.053742,-0.667725,0.742351,0.0,3,12927435159373
722,-0.011785,-0.050165,-0.666131,0.744052,0.0,3,12927445139061
723,-0.014439,-0.046791,-0.663672,0.746418,0.0,3,12927455149998
724,-0.015972,-0.044911,-0.661424,0.748495,0.0,3,12927465160936
725,-0.018617,-0.041239,-0.659438,0.750395,0.0,3,12927475140623
726,-0.019028,-0.039869,-0.657876,0.75182897,0.0,3,12927485151561
727,-0.020688,-0.035573,-0.656958,0.752802,0.0,3,12927495132811
728,-0.018285,-0.03335,-0.656803,0.753102,0.0,3,12927505142186
729,-0.018567,-0.030552,-0.656226,0.753716,0.0,3,12927515153123
730,-0.013234,-0.029703,-0.655652,0.754362,0.0,3,12927525134373
731,-0.011987,-0.027677,-0.654381,0.755562,0.0,3,12927535143748
732,-0.006251,-0.024942,-0.654246,0.755844,0.0,3,12927545156248
733,-0.004553,-0.021071,-0.652571,0.75742,0.0,3,12927555135936
734,-0.00298,-0.016847,-0.65158,0.758386,0.0,3,12927565145311
735,-0.002503,-0.012057,-0.649183,0.760531,0.0,3,12927575157811
736,3.96E-4,-0.0099679995,-0.647422,0.762066,0.0,3,12927585137498
737,0.001213,-0.007573,-0.645791,0.763475,0.0,3,12927595148436
738,0.004385,-0.00767,-0.644877,0.764234,0.0,3,12927605159373
739,0.005105,-0.006004,-0.643298,0.765574,0.0,3,12927615140623
740,0.0052,-0.00634,-0.641825,0.766806,0.0,3,12927625149998
741,0.0031949999,-0.002993,-0.639513,0.768767,0.0,3,12927635162498
742,0.00278,-8.04E-4,-0.63839,0.769707,0.0,3,12927645142186
743,0.001202,0.003167,-0.636925,0.770918,0.0,3,12927655153123
744,0.002062,0.00615,-0.636136,0.771549,0.0,3,12927665132811
745,0.001666,0.009037,-0.634111,0.773187,0.0,3,12927675143748
746,0.001423,0.009466,-0.63319,0.773937,0.0,3,12927685154686
747,0.00136,0.011686,-0.631551,0.775244,0.0,3,12927695134373
748,0.003504,0.013036,-0.631185,0.775514,0.0,3,12927705145311
749,0.003391,0.015728,-0.630113,0.776336,0.0,3,12927715156248
750,0.005352,0.017045,-0.629535,0.776766,0.0,3,12927725137498
751,0.004442,0.018442,-0.628255,0.777776,0.0,3,12927735148436
752,0.0040659998,0.017593,-0.627581,0.778341,0.0,3,12927745157811
753,0.003417,0.016979,-0.625912,0.779701,0.0,3,12927755139061
754,0.00432,0.015054,-0.625008,0.780461,0.0,3,12927765149998
755,0.004055,0.0148559995,-0.623324,0.781811,0.0,3,12927775160936
756,0.0045,0.012861,-0.622276,0.782679,0.0,3,12927785140623
757,0.003923,0.01287,-0.620845,0.783817,0.0,3,12927795151561
758,0.004197,0.011403,-0.620239,0.784318,0.0,3,12927805131248
759,0.00381,0.01149,-0.619087,0.785228,0.0,3,12927815142186
760,0.004394,0.010059,-0.61894697,0.785355,0.0,3,12927825153123
761,0.003911,0.010056,-0.618058,0.786057,0.0,3,12927835132811
762,0.004025,0.008983,-0.618093,0.786042,0.0,3,12927845143748
763,0.002839,0.009361,-0.617541,0.78647697,0.0,3,12927855156248
764,0.002589,0.008823,-0.617724,0.786341,0.0,3,12927865135936
765,0.001175,0.009063,-0.617295,0.786678,0.0,3,12927875146873
766,0.001707,0.009008,-0.617481,0.786532,0.0,3,12927885157811
767,0.001833,0.00899,-0.616924,0.786968,0.0,3,12927895137498
768,0.002765,0.007597,-0.617015,0.786909,0.0,3,12927905148436
769,0.003038,0.007123,-0.616671,0.787182,0.0,3,12927915159373
770,0.003787,0.005819,-0.616738,0.787137,0.0,3,12927925140623
771,0.003309,0.005793,-0.616515,0.787314,0.0,3,12927935149998
772,0.003101,0.004651,-0.616617,0.787243,0.0,3,12927945162498
773,0.002311,0.004654,-0.616352,0.787453,0.0,3,12927955142186
774,0.002834,0.003569,-0.616348,0.78745997,0.0,3,12927965153123
775,0.002188,0.003648,-0.615839,0.78786,0.0,3,12927975132811
776,0.00333,0.002918,-0.615821,0.78787297,0.0,3,12927985143748
777,0.002954,0.003004,-0.615314,0.78827,0.0,3,12927995154686
778,0.003849,0.002071,-0.615097,0.788438,0.0,3,12928005134373
779,0.003416,0.002279,-0.61452,0.78889,0.0,3,12928015145311
780,0.003819,0.00111,-0.614093,0.789223,0.0,3,12928